-- MySQL dump 10.13  Distrib 8.0.31, for Linux (x86_64)
--
-- Host: localhost    Database: atp
-- ------------------------------------------------------
-- Server version	8.0.31-0ubuntu0.20.04.1

/*!40101 SET @OLD_CHARACTER_SET_CLIENT=@@CHARACTER_SET_CLIENT */;
/*!40101 SET @OLD_CHARACTER_SET_RESULTS=@@CHARACTER_SET_RESULTS */;
/*!40101 SET @OLD_COLLATION_CONNECTION=@@COLLATION_CONNECTION */;
/*!50503 SET NAMES utf8mb4 */;
/*!40103 SET @OLD_TIME_ZONE=@@TIME_ZONE */;
/*!40103 SET TIME_ZONE='+00:00' */;
/*!40014 SET @OLD_UNIQUE_CHECKS=@@UNIQUE_CHECKS, UNIQUE_CHECKS=0 */;
/*!40014 SET @OLD_FOREIGN_KEY_CHECKS=@@FOREIGN_KEY_CHECKS, FOREIGN_KEY_CHECKS=0 */;
/*!40101 SET @OLD_SQL_MODE=@@SQL_MODE, SQL_MODE='NO_AUTO_VALUE_ON_ZERO' */;
/*!40111 SET @OLD_SQL_NOTES=@@SQL_NOTES, SQL_NOTES=0 */;

--
-- Table structure for table `brands`
--

DROP TABLE IF EXISTS `brands`;
/*!40101 SET @saved_cs_client     = @@character_set_client */;
/*!50503 SET character_set_client = utf8mb4 */;
CREATE TABLE `brands` (
  `id` bigint unsigned NOT NULL AUTO_INCREMENT,
  `brand` varchar(255) COLLATE utf8mb4_unicode_ci NOT NULL,
  `created_at` timestamp NULL DEFAULT NULL,
  `updated_at` timestamp NULL DEFAULT NULL,
  PRIMARY KEY (`id`)
) ENGINE=InnoDB AUTO_INCREMENT=42 DEFAULT CHARSET=utf8mb4 COLLATE=utf8mb4_unicode_ci;
/*!40101 SET character_set_client = @saved_cs_client */;

--
-- Dumping data for table `brands`
--

LOCK TABLES `brands` WRITE;
/*!40000 ALTER TABLE `brands` DISABLE KEYS */;
INSERT INTO `brands` VALUES (2,'Velita','2022-11-07 12:17:26','2022-11-08 10:38:54'),(3,'Aute','2022-11-07 12:17:26','2022-11-08 10:39:02'),(4,'Adipisci','2022-11-07 12:17:26','2022-11-07 12:17:26'),(5,'Dolores','2022-11-07 12:17:26','2022-11-07 12:17:26'),(6,'Nesciunt','2022-11-07 12:17:26','2022-11-07 12:17:26'),(7,'Aperiam','2022-11-07 12:17:27','2022-11-07 12:17:27'),(8,'Labore','2022-11-07 12:17:27','2022-11-07 12:17:27'),(9,'Ipsam','2022-11-07 12:17:27','2022-11-07 12:17:27'),(10,'Dolorum','2022-11-07 12:17:27','2022-11-07 12:17:27'),(11,'Quia','2022-11-07 12:17:27','2022-11-07 12:17:27'),(12,'Quaerat','2022-11-07 12:17:27','2022-11-07 12:17:27'),(13,'Ut','2022-11-07 12:17:27','2022-11-07 12:17:27'),(14,'Non','2022-11-07 12:17:27','2022-11-07 12:17:27'),(15,'Voluptas','2022-11-07 12:17:27','2022-11-07 12:17:27'),(16,'Dicta','2022-11-07 12:17:27','2022-11-07 12:17:27'),(17,'Commodi','2022-11-07 12:17:27','2022-11-07 12:17:27'),(18,'Ducimus','2022-11-07 12:17:27','2022-11-07 12:17:27'),(19,'Harum','2022-11-07 12:17:27','2022-11-07 12:17:27'),(20,'Qui','2022-11-07 12:17:27','2022-11-07 12:17:27'),(21,'Quia','2022-11-07 12:19:45','2022-11-07 12:19:45'),(22,'Dolores','2022-11-07 12:19:45','2022-11-07 12:19:45'),(23,'Et','2022-11-07 12:19:45','2022-11-07 12:19:45'),(24,'Repellendus','2022-11-07 12:19:45','2022-11-07 12:19:45'),(25,'Aliquid','2022-11-07 12:19:45','2022-11-07 12:19:45'),(26,'Nemo','2022-11-07 12:19:45','2022-11-07 12:19:45'),(27,'Dolor','2022-11-07 12:19:45','2022-11-07 12:19:45'),(28,'Eligendi','2022-11-07 12:19:45','2022-11-07 12:19:45'),(29,'Eligendi','2022-11-07 12:19:45','2022-11-07 12:19:45'),(30,'Dignissimos','2022-11-07 12:19:45','2022-11-07 12:19:45'),(31,'Id','2022-11-07 12:19:45','2022-11-07 12:19:45'),(32,'Quis','2022-11-07 12:19:45','2022-11-07 12:19:45'),(33,'Non','2022-11-07 12:19:45','2022-11-07 12:19:45'),(34,'Molestiae','2022-11-07 12:19:45','2022-11-07 12:19:45'),(35,'Vitae','2022-11-07 12:19:45','2022-11-07 12:19:45'),(36,'Dolores','2022-11-07 12:19:45','2022-11-07 12:19:45'),(37,'In','2022-11-07 12:19:45','2022-11-07 12:19:45'),(38,'Qui','2022-11-07 12:19:45','2022-11-07 12:19:45'),(39,'Quia','2022-11-07 12:19:45','2022-11-07 12:19:45'),(40,'Dolor','2022-11-07 12:19:45','2022-11-07 12:19:45'),(41,'Velitakqu','2022-11-08 10:41:27','2022-11-08 10:41:27');
/*!40000 ALTER TABLE `brands` ENABLE KEYS */;
UNLOCK TABLES;

--
-- Table structure for table `buses`
--

DROP TABLE IF EXISTS `buses`;
/*!40101 SET @saved_cs_client     = @@character_set_client */;
/*!50503 SET character_set_client = utf8mb4 */;
CREATE TABLE `buses` (
  `id` bigint unsigned NOT NULL AUTO_INCREMENT,
  `number` varchar(255) COLLATE utf8mb4_unicode_ci NOT NULL,
  `brand_id` bigint NOT NULL,
  `user_id` bigint unsigned DEFAULT NULL,
  `created_at` timestamp NULL DEFAULT NULL,
  `updated_at` timestamp NULL DEFAULT NULL,
  PRIMARY KEY (`id`),
  KEY `buses_user_id_foreign` (`user_id`),
  CONSTRAINT `buses_user_id_foreign` FOREIGN KEY (`user_id`) REFERENCES `users` (`id`) ON DELETE SET NULL ON UPDATE CASCADE
) ENGINE=InnoDB AUTO_INCREMENT=402 DEFAULT CHARSET=utf8mb4 COLLATE=utf8mb4_unicode_ci;
/*!40101 SET character_set_client = @saved_cs_client */;

--
-- Dumping data for table `buses`
--

LOCK TABLES `buses` WRITE;
/*!40000 ALTER TABLE `buses` DISABLE KEYS */;
INSERT INTO `buses` VALUES (1,'WVX4816',2,41,'2022-11-07 12:17:26','2022-11-08 10:45:44'),(2,'IBN5122',13,25,'2022-11-07 12:17:26','2022-11-07 12:17:26'),(3,'KMC9057',8,25,'2022-11-07 12:17:26','2022-11-07 12:17:26'),(4,'JNU3551',2,25,'2022-11-07 12:17:26','2022-11-07 12:17:26'),(5,'TKU3357',10,25,'2022-11-07 12:17:26','2022-11-07 12:17:26'),(6,'PPN6168',10,25,'2022-11-07 12:17:26','2022-11-07 12:17:26'),(7,'XRC8665',13,25,'2022-11-07 12:17:26','2022-11-07 12:17:26'),(8,'PDR3840',13,25,'2022-11-07 12:17:26','2022-11-07 12:17:26'),(9,'LAE3366',9,25,'2022-11-07 12:17:26','2022-11-07 12:17:26'),(10,'ZGP3349',11,25,'2022-11-07 12:17:26','2022-11-07 12:17:26'),(11,'QVL8138',5,25,'2022-11-07 12:17:26','2022-11-07 12:17:26'),(12,'UYG3351',13,25,'2022-11-07 12:17:26','2022-11-07 12:17:26'),(13,'ZYB2025',9,25,'2022-11-07 12:17:26','2022-11-07 12:17:26'),(14,'XJJ8907',3,25,'2022-11-07 12:17:26','2022-11-07 12:17:26'),(15,'OTN0598',9,25,'2022-11-07 12:17:26','2022-11-07 12:17:26'),(16,'SOE3549',5,25,'2022-11-07 12:17:26','2022-11-07 12:17:26'),(17,'FDF4641',16,25,'2022-11-07 12:17:26','2022-11-07 12:17:26'),(18,'ZAA6736',13,25,'2022-11-07 12:17:26','2022-11-07 12:17:26'),(19,'HWN3073',15,25,'2022-11-07 12:17:26','2022-11-07 12:17:26'),(20,'VOP9367',3,25,'2022-11-07 12:17:26','2022-11-07 12:17:26'),(21,'UJN9695',11,26,'2022-11-07 12:17:26','2022-11-07 12:17:26'),(22,'UPC8195',3,26,'2022-11-07 12:17:26','2022-11-07 12:17:26'),(23,'JUY9755',17,26,'2022-11-07 12:17:26','2022-11-07 12:17:26'),(24,'PLM1806',17,26,'2022-11-07 12:17:26','2022-11-07 12:17:26'),(25,'WDZ2235',16,26,'2022-11-07 12:17:26','2022-11-07 12:17:26'),(26,'ZFE7711',11,26,'2022-11-07 12:17:26','2022-11-07 12:17:26'),(27,'TBB7916',14,26,'2022-11-07 12:17:26','2022-11-07 12:17:26'),(28,'OBM8431',2,26,'2022-11-07 12:17:26','2022-11-07 12:17:26'),(29,'EHF2957',8,26,'2022-11-07 12:17:26','2022-11-07 12:17:26'),(30,'KBG9722',20,26,'2022-11-07 12:17:26','2022-11-07 12:17:26'),(31,'TLX6648',12,26,'2022-11-07 12:17:26','2022-11-07 12:17:26'),(32,'LCB4286',5,26,'2022-11-07 12:17:26','2022-11-07 12:17:26'),(33,'WJZ5340',4,26,'2022-11-07 12:17:26','2022-11-07 12:17:26'),(34,'NEE9874',19,26,'2022-11-07 12:17:26','2022-11-07 12:17:26'),(35,'LLI7880',20,26,'2022-11-07 12:17:26','2022-11-07 12:17:26'),(36,'MWT9213',1,26,'2022-11-07 12:17:26','2022-11-07 12:17:26'),(37,'CZK8230',5,26,'2022-11-07 12:17:26','2022-11-07 12:17:26'),(38,'SLA1969',2,26,'2022-11-07 12:17:26','2022-11-07 12:17:26'),(39,'QVH0532',13,26,'2022-11-07 12:17:26','2022-11-07 12:17:26'),(40,'OVR8156',17,26,'2022-11-07 12:17:26','2022-11-07 12:17:26'),(41,'VRQ3988',18,27,'2022-11-07 12:17:26','2022-11-07 12:17:26'),(42,'FUY4581',8,27,'2022-11-07 12:17:26','2022-11-07 12:17:26'),(43,'XPL3792',4,27,'2022-11-07 12:17:26','2022-11-07 12:17:26'),(44,'HMN3347',14,27,'2022-11-07 12:17:26','2022-11-07 12:17:26'),(45,'DLA9592',20,27,'2022-11-07 12:17:26','2022-11-07 12:17:26'),(46,'XBO2430',10,27,'2022-11-07 12:17:26','2022-11-07 12:17:26'),(47,'MKV0066',7,27,'2022-11-07 12:17:26','2022-11-07 12:17:26'),(48,'XIK0743',20,27,'2022-11-07 12:17:26','2022-11-07 12:17:26'),(49,'NGC3392',16,27,'2022-11-07 12:17:26','2022-11-07 12:17:26'),(50,'ZOI8421',16,27,'2022-11-07 12:17:26','2022-11-07 12:17:26'),(51,'RKD2422',10,27,'2022-11-07 12:17:26','2022-11-07 12:17:26'),(52,'KGW1346',12,27,'2022-11-07 12:17:26','2022-11-07 12:17:26'),(53,'XZJ4964',8,27,'2022-11-07 12:17:26','2022-11-07 12:17:26'),(54,'OMH9583',11,27,'2022-11-07 12:17:26','2022-11-07 12:17:26'),(55,'UOX4453',5,27,'2022-11-07 12:17:26','2022-11-07 12:17:26'),(56,'EBM2689',16,27,'2022-11-07 12:17:26','2022-11-07 12:17:26'),(57,'FHR9039',20,27,'2022-11-07 12:17:26','2022-11-07 12:17:26'),(58,'SZC1994',6,27,'2022-11-07 12:17:26','2022-11-07 12:17:26'),(59,'ZFP0149',4,27,'2022-11-07 12:17:26','2022-11-07 12:17:26'),(60,'YUD2424',15,27,'2022-11-07 12:17:26','2022-11-07 12:17:26'),(61,'JVT1786',11,28,'2022-11-07 12:17:26','2022-11-07 12:17:26'),(62,'KKU4393',20,28,'2022-11-07 12:17:26','2022-11-07 12:17:26'),(63,'IES5319',3,28,'2022-11-07 12:17:26','2022-11-07 12:17:26'),(64,'MOO0539',18,28,'2022-11-07 12:17:26','2022-11-07 12:17:26'),(65,'GQH6925',12,28,'2022-11-07 12:17:26','2022-11-07 12:17:26'),(66,'INV6918',8,28,'2022-11-07 12:17:26','2022-11-07 12:17:26'),(67,'WSP0281',11,28,'2022-11-07 12:17:26','2022-11-07 12:17:26'),(68,'PKC7240',17,28,'2022-11-07 12:17:26','2022-11-07 12:17:26'),(69,'RGY6649',8,28,'2022-11-07 12:17:26','2022-11-07 12:17:26'),(70,'BQG1160',9,28,'2022-11-07 12:17:26','2022-11-07 12:17:26'),(71,'TTU9000',20,28,'2022-11-07 12:17:26','2022-11-07 12:17:26'),(72,'FYE7022',14,28,'2022-11-07 12:17:26','2022-11-07 12:17:26'),(73,'MXE9683',4,28,'2022-11-07 12:17:26','2022-11-07 12:17:26'),(74,'AYM9151',15,28,'2022-11-07 12:17:26','2022-11-07 12:17:26'),(75,'QNM6595',15,28,'2022-11-07 12:17:26','2022-11-07 12:17:26'),(76,'QVR0563',15,28,'2022-11-07 12:17:26','2022-11-07 12:17:26'),(77,'VAJ9777',7,28,'2022-11-07 12:17:26','2022-11-07 12:17:26'),(78,'XID8219',1,28,'2022-11-07 12:17:26','2022-11-07 12:17:26'),(79,'FFW7932',18,28,'2022-11-07 12:17:26','2022-11-07 12:17:26'),(80,'LLW7767',4,28,'2022-11-07 12:17:26','2022-11-07 12:17:26'),(81,'ZVL7212',5,29,'2022-11-07 12:17:26','2022-11-07 12:17:26'),(82,'EZJ3834',16,29,'2022-11-07 12:17:26','2022-11-07 12:17:26'),(83,'MUL0885',10,29,'2022-11-07 12:17:26','2022-11-07 12:17:26'),(84,'IFI8207',19,29,'2022-11-07 12:17:26','2022-11-07 12:17:26'),(85,'FOB6229',3,29,'2022-11-07 12:17:26','2022-11-07 12:17:26'),(86,'ACL4454',2,29,'2022-11-07 12:17:26','2022-11-07 12:17:26'),(87,'YHF9813',17,29,'2022-11-07 12:17:26','2022-11-07 12:17:26'),(88,'JVQ6058',18,29,'2022-11-07 12:17:26','2022-11-07 12:17:26'),(89,'THN8851',5,29,'2022-11-07 12:17:26','2022-11-07 12:17:26'),(90,'KVM8051',20,29,'2022-11-07 12:17:26','2022-11-07 12:17:26'),(91,'BCT3647',18,29,'2022-11-07 12:17:26','2022-11-07 12:17:26'),(92,'ZDG5909',6,29,'2022-11-07 12:17:26','2022-11-07 12:17:26'),(93,'PDZ9104',3,29,'2022-11-07 12:17:26','2022-11-07 12:17:26'),(94,'FUC9029',2,29,'2022-11-07 12:17:26','2022-11-07 12:17:26'),(95,'UVD9799',3,29,'2022-11-07 12:17:26','2022-11-07 12:17:26'),(96,'NHE7495',4,29,'2022-11-07 12:17:26','2022-11-07 12:17:26'),(97,'AGD4884',5,29,'2022-11-07 12:17:26','2022-11-07 12:17:26'),(98,'QGM3075',2,29,'2022-11-07 12:17:26','2022-11-07 12:17:26'),(99,'EYP4703',19,29,'2022-11-07 12:17:26','2022-11-07 12:17:26'),(100,'RHU5967',20,29,'2022-11-07 12:17:26','2022-11-07 12:17:26'),(101,'BRP4395',10,30,'2022-11-07 12:17:26','2022-11-07 12:17:26'),(102,'LLO4140',18,30,'2022-11-07 12:17:26','2022-11-07 12:17:26'),(103,'OZB2743',8,30,'2022-11-07 12:17:26','2022-11-07 12:17:26'),(104,'OTL7525',20,30,'2022-11-07 12:17:26','2022-11-07 12:17:26'),(105,'ZID8389',4,30,'2022-11-07 12:17:26','2022-11-07 12:17:26'),(106,'YCJ8196',17,30,'2022-11-07 12:17:26','2022-11-07 12:17:26'),(107,'HFA9567',8,30,'2022-11-07 12:17:26','2022-11-07 12:17:26'),(108,'FXJ0943',8,30,'2022-11-07 12:17:26','2022-11-07 12:17:26'),(109,'JCY5855',10,30,'2022-11-07 12:17:26','2022-11-07 12:17:26'),(110,'BTB9277',11,30,'2022-11-07 12:17:26','2022-11-07 12:17:26'),(111,'OER7488',7,30,'2022-11-07 12:17:26','2022-11-07 12:17:26'),(112,'BAN6556',19,30,'2022-11-07 12:17:26','2022-11-07 12:17:26'),(113,'MDC6432',3,30,'2022-11-07 12:17:26','2022-11-07 12:17:26'),(114,'MMX9799',4,30,'2022-11-07 12:17:26','2022-11-07 12:17:26'),(115,'CTJ6236',18,30,'2022-11-07 12:17:26','2022-11-07 12:17:26'),(116,'GWS7986',2,30,'2022-11-07 12:17:26','2022-11-07 12:17:26'),(117,'YLR2477',6,30,'2022-11-07 12:17:26','2022-11-07 12:17:26'),(118,'NYE4260',6,30,'2022-11-07 12:17:26','2022-11-07 12:17:26'),(119,'DKX4718',2,30,'2022-11-07 12:17:26','2022-11-07 12:17:26'),(120,'WJF7978',20,30,'2022-11-07 12:17:26','2022-11-07 12:17:26'),(121,'LHR2164',11,31,'2022-11-07 12:17:26','2022-11-07 12:17:26'),(122,'CUA7088',5,31,'2022-11-07 12:17:26','2022-11-07 12:17:26'),(123,'CCE7570',11,31,'2022-11-07 12:17:26','2022-11-07 12:17:26'),(124,'OXH6027',13,31,'2022-11-07 12:17:26','2022-11-07 12:17:26'),(125,'TMZ5510',17,31,'2022-11-07 12:17:26','2022-11-07 12:17:26'),(126,'TFI1092',20,31,'2022-11-07 12:17:26','2022-11-07 12:17:26'),(127,'MPS4092',8,31,'2022-11-07 12:17:26','2022-11-07 12:17:26'),(128,'MVN4184',14,31,'2022-11-07 12:17:26','2022-11-07 12:17:26'),(129,'MDT0133',16,31,'2022-11-07 12:17:26','2022-11-07 12:17:26'),(130,'OPM9811',3,31,'2022-11-07 12:17:26','2022-11-07 12:17:26'),(131,'BWR6951',19,31,'2022-11-07 12:17:26','2022-11-07 12:17:26'),(132,'AOA4259',15,31,'2022-11-07 12:17:26','2022-11-07 12:17:26'),(133,'MGR6444',11,31,'2022-11-07 12:17:26','2022-11-07 12:17:26'),(134,'BOZ4499',7,31,'2022-11-07 12:17:26','2022-11-07 12:17:26'),(135,'PUV1666',12,31,'2022-11-07 12:17:26','2022-11-07 12:17:26'),(136,'EII2255',16,31,'2022-11-07 12:17:26','2022-11-07 12:17:26'),(137,'NBO8658',6,31,'2022-11-07 12:17:26','2022-11-07 12:17:26'),(138,'AXK5043',2,31,'2022-11-07 12:17:26','2022-11-07 12:17:26'),(139,'URH1118',1,31,'2022-11-07 12:17:26','2022-11-07 12:17:26'),(140,'OGM4109',2,31,'2022-11-07 12:17:26','2022-11-07 12:17:26'),(141,'QFB0904',11,32,'2022-11-07 12:17:26','2022-11-07 12:17:26'),(142,'WRS6001',14,32,'2022-11-07 12:17:26','2022-11-07 12:17:26'),(143,'POU4622',3,32,'2022-11-07 12:17:26','2022-11-07 12:17:26'),(144,'VNN7087',12,32,'2022-11-07 12:17:26','2022-11-07 12:17:26'),(145,'BQW3865',12,32,'2022-11-07 12:17:26','2022-11-07 12:17:26'),(146,'IZJ2693',12,32,'2022-11-07 12:17:26','2022-11-07 12:17:26'),(147,'KRT9893',6,32,'2022-11-07 12:17:26','2022-11-07 12:17:26'),(148,'TFV9076',20,32,'2022-11-07 12:17:26','2022-11-07 12:17:26'),(149,'IEE3020',6,32,'2022-11-07 12:17:26','2022-11-07 12:17:26'),(150,'FEV5681',14,32,'2022-11-07 12:17:26','2022-11-07 12:17:26'),(151,'JCH7621',18,32,'2022-11-07 12:17:26','2022-11-07 12:17:26'),(152,'EDS0636',13,32,'2022-11-07 12:17:26','2022-11-07 12:17:26'),(153,'XKZ0373',14,32,'2022-11-07 12:17:26','2022-11-07 12:17:26'),(154,'CCS4118',4,32,'2022-11-07 12:17:26','2022-11-07 12:17:26'),(155,'FPQ0746',7,32,'2022-11-07 12:17:26','2022-11-07 12:17:26'),(156,'XEV7180',20,32,'2022-11-07 12:17:26','2022-11-07 12:17:26'),(157,'RNA4030',16,32,'2022-11-07 12:17:26','2022-11-07 12:17:26'),(158,'LHC6306',3,32,'2022-11-07 12:17:26','2022-11-07 12:17:26'),(159,'ESI3147',3,32,'2022-11-07 12:17:26','2022-11-07 12:17:26'),(160,'JII5580',5,32,'2022-11-07 12:17:26','2022-11-07 12:17:26'),(161,'KSQ8392',1,33,'2022-11-07 12:17:26','2022-11-07 12:17:26'),(162,'XSJ0276',7,33,'2022-11-07 12:17:26','2022-11-07 12:17:26'),(163,'TYI1431',15,33,'2022-11-07 12:17:26','2022-11-07 12:17:26'),(164,'WQP7651',20,33,'2022-11-07 12:17:26','2022-11-07 12:17:26'),(165,'HOG0642',18,33,'2022-11-07 12:17:26','2022-11-07 12:17:26'),(166,'SCH0833',15,33,'2022-11-07 12:17:26','2022-11-07 12:17:26'),(167,'BEB1345',5,33,'2022-11-07 12:17:26','2022-11-07 12:17:26'),(168,'DKV5603',11,33,'2022-11-07 12:17:26','2022-11-07 12:17:26'),(169,'TNM6911',17,33,'2022-11-07 12:17:26','2022-11-07 12:17:26'),(170,'ZNO8377',14,33,'2022-11-07 12:17:26','2022-11-07 12:17:26'),(171,'IRY6220',4,33,'2022-11-07 12:17:26','2022-11-07 12:17:26'),(172,'MXJ7646',10,33,'2022-11-07 12:17:26','2022-11-07 12:17:26'),(173,'XPE3376',2,33,'2022-11-07 12:17:26','2022-11-07 12:17:26'),(174,'HXX5430',13,33,'2022-11-07 12:17:26','2022-11-07 12:17:26'),(175,'ACL5933',3,33,'2022-11-07 12:17:26','2022-11-07 12:17:26'),(176,'MVJ3117',3,33,'2022-11-07 12:17:26','2022-11-07 12:17:26'),(177,'MVM1172',4,33,'2022-11-07 12:17:26','2022-11-07 12:17:26'),(178,'TWR6361',14,33,'2022-11-07 12:17:26','2022-11-07 12:17:26'),(179,'MSQ1926',18,33,'2022-11-07 12:17:26','2022-11-07 12:17:26'),(180,'JJI9768',17,33,'2022-11-07 12:17:26','2022-11-07 12:17:26'),(181,'MNW9064',7,34,'2022-11-07 12:17:26','2022-11-07 12:17:26'),(182,'MFP9235',3,34,'2022-11-07 12:17:26','2022-11-07 12:17:26'),(183,'TCI4093',6,34,'2022-11-07 12:17:26','2022-11-07 12:17:26'),(184,'EGL1575',9,34,'2022-11-07 12:17:26','2022-11-07 12:17:26'),(185,'KJQ6051',16,34,'2022-11-07 12:17:26','2022-11-07 12:17:26'),(186,'IPR6599',12,34,'2022-11-07 12:17:26','2022-11-07 12:17:26'),(187,'IAV7627',2,34,'2022-11-07 12:17:26','2022-11-07 12:17:26'),(188,'XQI2343',8,34,'2022-11-07 12:17:26','2022-11-07 12:17:26'),(189,'EGO8776',14,34,'2022-11-07 12:17:26','2022-11-07 12:17:26'),(190,'VEQ1063',17,34,'2022-11-07 12:17:26','2022-11-07 12:17:26'),(191,'FOE2366',19,34,'2022-11-07 12:17:26','2022-11-07 12:17:26'),(192,'WMQ8217',7,34,'2022-11-07 12:17:26','2022-11-07 12:17:26'),(193,'JNH3168',2,34,'2022-11-07 12:17:26','2022-11-07 12:17:26'),(194,'CMU8676',18,34,'2022-11-07 12:17:26','2022-11-07 12:17:26'),(195,'GCI9095',19,34,'2022-11-07 12:17:26','2022-11-07 12:17:26'),(196,'YYM9586',20,34,'2022-11-07 12:17:26','2022-11-07 12:17:26'),(197,'OZP5701',14,34,'2022-11-07 12:17:26','2022-11-07 12:17:26'),(198,'ZNG5034',15,34,'2022-11-07 12:17:26','2022-11-07 12:17:26'),(199,'PVK4981',9,34,'2022-11-07 12:17:26','2022-11-07 12:17:26'),(200,'KQX5919',2,34,'2022-11-07 12:17:26','2022-11-07 12:17:26'),(201,'VJY9619',6,35,'2022-11-07 12:19:44','2022-11-07 12:19:44'),(202,'IEO8653',18,35,'2022-11-07 12:19:44','2022-11-07 12:19:44'),(203,'FRY8973',16,35,'2022-11-07 12:19:44','2022-11-07 12:19:44'),(204,'GJI4781',14,35,'2022-11-07 12:19:44','2022-11-07 12:19:44'),(205,'XZD3934',12,35,'2022-11-07 12:19:44','2022-11-07 12:19:44'),(206,'FFW2689',15,35,'2022-11-07 12:19:44','2022-11-07 12:19:44'),(207,'HCW6464',3,35,'2022-11-07 12:19:44','2022-11-07 12:19:44'),(208,'EKG9963',14,35,'2022-11-07 12:19:44','2022-11-07 12:19:44'),(209,'LNH3804',19,35,'2022-11-07 12:19:44','2022-11-07 12:19:44'),(210,'UEH1178',6,35,'2022-11-07 12:19:44','2022-11-07 12:19:44'),(211,'KMB5698',1,35,'2022-11-07 12:19:44','2022-11-07 12:19:44'),(212,'KSR3915',8,35,'2022-11-07 12:19:44','2022-11-07 12:19:44'),(213,'ZOY4361',7,35,'2022-11-07 12:19:44','2022-11-07 12:19:44'),(214,'WSZ9028',15,35,'2022-11-07 12:19:44','2022-11-07 12:19:44'),(215,'CUZ5615',20,35,'2022-11-07 12:19:44','2022-11-07 12:19:44'),(216,'TIS2116',14,35,'2022-11-07 12:19:44','2022-11-07 12:19:44'),(217,'LJM1236',6,35,'2022-11-07 12:19:44','2022-11-07 12:19:44'),(218,'FTT3485',3,35,'2022-11-07 12:19:44','2022-11-07 12:19:44'),(219,'TUT2894',20,35,'2022-11-07 12:19:44','2022-11-07 12:19:44'),(220,'OSQ2063',16,35,'2022-11-07 12:19:44','2022-11-07 12:19:44'),(221,'SFB8425',11,36,'2022-11-07 12:19:44','2022-11-07 12:19:44'),(222,'IDZ5074',17,36,'2022-11-07 12:19:44','2022-11-07 12:19:44'),(223,'BSG7195',5,36,'2022-11-07 12:19:44','2022-11-07 12:19:44'),(224,'KZF0439',1,36,'2022-11-07 12:19:44','2022-11-07 12:19:44'),(225,'TFG7253',2,36,'2022-11-07 12:19:44','2022-11-07 12:19:44'),(226,'WTA2780',17,36,'2022-11-07 12:19:44','2022-11-07 12:19:44'),(227,'KPC8669',5,36,'2022-11-07 12:19:44','2022-11-07 12:19:44'),(228,'YKO2687',15,36,'2022-11-07 12:19:44','2022-11-07 12:19:44'),(229,'UGE8303',20,36,'2022-11-07 12:19:44','2022-11-07 12:19:44'),(230,'RXT5351',3,36,'2022-11-07 12:19:44','2022-11-07 12:19:44'),(231,'VTC6742',13,36,'2022-11-07 12:19:44','2022-11-07 12:19:44'),(232,'QVI3321',7,36,'2022-11-07 12:19:44','2022-11-07 12:19:44'),(233,'BOW9961',2,36,'2022-11-07 12:19:44','2022-11-07 12:19:44'),(234,'FLA7846',8,36,'2022-11-07 12:19:44','2022-11-07 12:19:44'),(235,'OIE6448',11,36,'2022-11-07 12:19:44','2022-11-07 12:19:44'),(236,'VWT2947',1,36,'2022-11-07 12:19:44','2022-11-07 12:19:44'),(237,'SVW5298',15,36,'2022-11-07 12:19:44','2022-11-07 12:19:44'),(238,'YVF8424',17,36,'2022-11-07 12:19:44','2022-11-07 12:19:44'),(239,'XOJ7488',16,36,'2022-11-07 12:19:44','2022-11-07 12:19:44'),(240,'JGP7286',6,36,'2022-11-07 12:19:44','2022-11-07 12:19:44'),(241,'TPL6050',6,37,'2022-11-07 12:19:44','2022-11-07 12:19:44'),(242,'MLT9880',19,37,'2022-11-07 12:19:44','2022-11-07 12:19:44'),(243,'WQJ6904',12,37,'2022-11-07 12:19:44','2022-11-07 12:19:44'),(244,'XUH9500',16,37,'2022-11-07 12:19:44','2022-11-07 12:19:44'),(245,'QWN4360',4,37,'2022-11-07 12:19:44','2022-11-07 12:19:44'),(246,'NAX3922',6,37,'2022-11-07 12:19:44','2022-11-07 12:19:44'),(247,'CKN0067',14,37,'2022-11-07 12:19:44','2022-11-07 12:19:44'),(248,'YYX1591',19,37,'2022-11-07 12:19:44','2022-11-07 12:19:44'),(249,'OBM5216',17,37,'2022-11-07 12:19:44','2022-11-07 12:19:44'),(250,'BEX5199',4,37,'2022-11-07 12:19:44','2022-11-07 12:19:44'),(251,'CUH1043',12,37,'2022-11-07 12:19:44','2022-11-07 12:19:44'),(252,'NME6258',1,37,'2022-11-07 12:19:44','2022-11-07 12:19:44'),(253,'XLD7674',10,37,'2022-11-07 12:19:44','2022-11-07 12:19:44'),(254,'IUG8699',4,37,'2022-11-07 12:19:44','2022-11-07 12:19:44'),(255,'DBL3339',14,37,'2022-11-07 12:19:44','2022-11-07 12:19:44'),(256,'FTE8952',2,37,'2022-11-07 12:19:44','2022-11-07 12:19:44'),(257,'BYX7357',14,37,'2022-11-07 12:19:44','2022-11-07 12:19:44'),(258,'FDE8550',18,37,'2022-11-07 12:19:44','2022-11-07 12:19:44'),(259,'TIX2497',3,37,'2022-11-07 12:19:44','2022-11-07 12:19:44'),(260,'XNL0796',10,37,'2022-11-07 12:19:44','2022-11-07 12:19:44'),(261,'CIS7020',7,38,'2022-11-07 12:19:44','2022-11-07 12:19:44'),(262,'UNC8412',8,38,'2022-11-07 12:19:44','2022-11-07 12:19:44'),(263,'DQL1506',14,38,'2022-11-07 12:19:44','2022-11-07 12:19:44'),(264,'OAH6970',9,38,'2022-11-07 12:19:44','2022-11-07 12:19:44'),(265,'SXG6330',4,38,'2022-11-07 12:19:44','2022-11-07 12:19:44'),(266,'ZHU7870',3,38,'2022-11-07 12:19:44','2022-11-07 12:19:44'),(267,'DCA1237',18,38,'2022-11-07 12:19:44','2022-11-07 12:19:44'),(268,'IBC8928',17,38,'2022-11-07 12:19:44','2022-11-07 12:19:44'),(269,'ESX6748',20,38,'2022-11-07 12:19:44','2022-11-07 12:19:44'),(270,'FHB5896',16,38,'2022-11-07 12:19:44','2022-11-07 12:19:44'),(271,'PDV3616',7,38,'2022-11-07 12:19:44','2022-11-07 12:19:44'),(272,'SSG3930',5,38,'2022-11-07 12:19:44','2022-11-07 12:19:44'),(273,'CTJ5282',7,38,'2022-11-07 12:19:44','2022-11-07 12:19:44'),(274,'KLZ4452',7,38,'2022-11-07 12:19:44','2022-11-07 12:19:44'),(275,'CTD1563',8,38,'2022-11-07 12:19:44','2022-11-07 12:19:44'),(276,'BLK8913',20,38,'2022-11-07 12:19:44','2022-11-07 12:19:44'),(277,'UIQ9822',1,38,'2022-11-07 12:19:44','2022-11-07 12:19:44'),(278,'XPO9635',13,38,'2022-11-07 12:19:44','2022-11-07 12:19:44'),(279,'AUM0321',7,38,'2022-11-07 12:19:44','2022-11-07 12:19:44'),(280,'MWD2881',4,38,'2022-11-07 12:19:44','2022-11-07 12:19:44'),(281,'ATE0215',2,39,'2022-11-07 12:19:44','2022-11-07 12:19:44'),(282,'QXN9715',19,39,'2022-11-07 12:19:44','2022-11-07 12:19:44'),(283,'IPT0309',12,39,'2022-11-07 12:19:44','2022-11-07 12:19:44'),(284,'VUB7596',19,39,'2022-11-07 12:19:44','2022-11-07 12:19:44'),(285,'THH6167',18,39,'2022-11-07 12:19:44','2022-11-07 12:19:44'),(286,'JCB1800',9,39,'2022-11-07 12:19:44','2022-11-07 12:19:44'),(287,'LJN6865',20,39,'2022-11-07 12:19:44','2022-11-07 12:19:44'),(288,'BHY1578',20,39,'2022-11-07 12:19:44','2022-11-07 12:19:44'),(289,'EMZ2466',3,39,'2022-11-07 12:19:44','2022-11-07 12:19:44'),(290,'FZN6778',3,39,'2022-11-07 12:19:44','2022-11-07 12:19:44'),(291,'MGG3996',19,39,'2022-11-07 12:19:44','2022-11-07 12:19:44'),(292,'OIU2526',9,39,'2022-11-07 12:19:44','2022-11-07 12:19:44'),(293,'AXT6136',17,39,'2022-11-07 12:19:44','2022-11-07 12:19:44'),(294,'YVH1828',6,39,'2022-11-07 12:19:44','2022-11-07 12:19:44'),(295,'TIB1257',17,39,'2022-11-07 12:19:44','2022-11-07 12:19:44'),(296,'QQM8502',10,39,'2022-11-07 12:19:44','2022-11-07 12:19:44'),(297,'WAK6443',11,39,'2022-11-07 12:19:44','2022-11-07 12:19:44'),(298,'ORR3362',7,39,'2022-11-07 12:19:44','2022-11-07 12:19:44'),(299,'TXF7843',2,39,'2022-11-07 12:19:44','2022-11-07 12:19:44'),(300,'CWZ0699',20,39,'2022-11-07 12:19:44','2022-11-07 12:19:44'),(301,'XSA6439',1,40,'2022-11-07 12:19:44','2022-11-07 12:19:44'),(302,'BRQ8578',6,40,'2022-11-07 12:19:44','2022-11-07 12:19:44'),(303,'ZAU7837',4,40,'2022-11-07 12:19:44','2022-11-07 12:19:44'),(304,'TQV8825',10,40,'2022-11-07 12:19:44','2022-11-07 12:19:44'),(305,'COC4083',5,40,'2022-11-07 12:19:44','2022-11-07 12:19:44'),(306,'WLE9350',11,40,'2022-11-07 12:19:44','2022-11-07 12:19:44'),(307,'GHV6794',16,40,'2022-11-07 12:19:44','2022-11-07 12:19:44'),(308,'UPG5212',5,40,'2022-11-07 12:19:44','2022-11-07 12:19:44'),(309,'AYI9409',2,40,'2022-11-07 12:19:44','2022-11-07 12:19:44'),(310,'HHZ8591',4,40,'2022-11-07 12:19:44','2022-11-07 12:19:44'),(311,'KFT8729',13,40,'2022-11-07 12:19:44','2022-11-07 12:19:44'),(312,'YVO4599',9,40,'2022-11-07 12:19:44','2022-11-07 12:19:44'),(313,'IDG9568',17,40,'2022-11-07 12:19:44','2022-11-07 12:19:44'),(314,'HKS4917',8,40,'2022-11-07 12:19:44','2022-11-07 12:19:44'),(315,'ZSG7344',7,40,'2022-11-07 12:19:44','2022-11-07 12:19:44'),(316,'FVX0481',19,40,'2022-11-07 12:19:44','2022-11-07 12:19:44'),(317,'KST6884',2,40,'2022-11-07 12:19:44','2022-11-07 12:19:44'),(318,'BTM2645',17,40,'2022-11-07 12:19:44','2022-11-07 12:19:44'),(319,'ZTC6809',20,40,'2022-11-07 12:19:44','2022-11-07 12:19:44'),(320,'CID0213',13,40,'2022-11-07 12:19:44','2022-11-07 12:19:44'),(321,'TJV2963',9,41,'2022-11-07 12:19:44','2022-11-07 12:19:44'),(322,'NZD8043',16,41,'2022-11-07 12:19:44','2022-11-07 12:19:44'),(323,'IPQ7625',1,41,'2022-11-07 12:19:44','2022-11-07 12:19:44'),(324,'RCI7725',3,41,'2022-11-07 12:19:44','2022-11-07 12:19:44'),(325,'QOR2277',16,41,'2022-11-07 12:19:44','2022-11-07 12:19:44'),(326,'UVM7375',8,41,'2022-11-07 12:19:44','2022-11-07 12:19:44'),(327,'OLB2606',12,41,'2022-11-07 12:19:44','2022-11-07 12:19:44'),(328,'JFF6879',7,41,'2022-11-07 12:19:44','2022-11-07 12:19:44'),(329,'UFT4909',8,41,'2022-11-07 12:19:44','2022-11-07 12:19:44'),(330,'LML2110',18,41,'2022-11-07 12:19:44','2022-11-07 12:19:44'),(331,'STD7555',10,41,'2022-11-07 12:19:44','2022-11-07 12:19:44'),(332,'UZU3067',19,41,'2022-11-07 12:19:44','2022-11-07 12:19:44'),(333,'FFG0786',15,41,'2022-11-07 12:19:44','2022-11-07 12:19:44'),(334,'BPE2652',6,41,'2022-11-07 12:19:44','2022-11-07 12:19:44'),(335,'ISK1256',2,41,'2022-11-07 12:19:44','2022-11-07 12:19:44'),(336,'JZU9692',6,41,'2022-11-07 12:19:44','2022-11-07 12:19:44'),(337,'LZZ4867',2,41,'2022-11-07 12:19:44','2022-11-07 12:19:44'),(338,'LOU9698',6,41,'2022-11-07 12:19:44','2022-11-07 12:19:44'),(339,'ODP4700',5,41,'2022-11-07 12:19:44','2022-11-07 12:19:44'),(340,'IJF5283',4,41,'2022-11-07 12:19:44','2022-11-07 12:19:44'),(341,'UNY5218',17,42,'2022-11-07 12:19:44','2022-11-07 12:19:44'),(342,'ZCA4659',2,42,'2022-11-07 12:19:44','2022-11-07 12:19:44'),(343,'OJB4770',17,42,'2022-11-07 12:19:44','2022-11-07 12:19:44'),(344,'FLC2756',18,42,'2022-11-07 12:19:44','2022-11-07 12:19:44'),(345,'GMA2322',1,42,'2022-11-07 12:19:44','2022-11-07 12:19:44'),(346,'EVO4736',7,42,'2022-11-07 12:19:44','2022-11-07 12:19:44'),(347,'GAN9973',11,42,'2022-11-07 12:19:44','2022-11-07 12:19:44'),(348,'OKU2135',1,42,'2022-11-07 12:19:44','2022-11-07 12:19:44'),(349,'FIF6160',18,42,'2022-11-07 12:19:44','2022-11-07 12:19:44'),(350,'RDQ4876',15,42,'2022-11-07 12:19:44','2022-11-07 12:19:44'),(351,'MSP5905',12,42,'2022-11-07 12:19:44','2022-11-07 12:19:44'),(352,'FAJ8090',5,42,'2022-11-07 12:19:44','2022-11-07 12:19:44'),(353,'WCR1665',15,42,'2022-11-07 12:19:44','2022-11-07 12:19:44'),(354,'HQR1564',15,42,'2022-11-07 12:19:44','2022-11-07 12:19:44'),(355,'XEF3247',14,42,'2022-11-07 12:19:44','2022-11-07 12:19:44'),(356,'DTG6575',13,42,'2022-11-07 12:19:44','2022-11-07 12:19:44'),(357,'MPK2173',19,42,'2022-11-07 12:19:44','2022-11-07 12:19:44'),(358,'RBV4580',18,42,'2022-11-07 12:19:44','2022-11-07 12:19:44'),(359,'WEB3428',3,42,'2022-11-07 12:19:44','2022-11-07 12:19:44'),(360,'MNI7127',4,42,'2022-11-07 12:19:44','2022-11-07 12:19:44'),(361,'FGB4596',3,43,'2022-11-07 12:19:44','2022-11-07 12:19:44'),(362,'DEM5861',14,43,'2022-11-07 12:19:44','2022-11-07 12:19:44'),(363,'NHP8623',6,43,'2022-11-07 12:19:44','2022-11-07 12:19:44'),(364,'PEV4133',15,43,'2022-11-07 12:19:44','2022-11-07 12:19:44'),(365,'BRK9218',14,43,'2022-11-07 12:19:44','2022-11-07 12:19:44'),(366,'MCS1537',11,43,'2022-11-07 12:19:44','2022-11-07 12:19:44'),(367,'WGT2698',5,43,'2022-11-07 12:19:44','2022-11-07 12:19:44'),(368,'LML7450',13,43,'2022-11-07 12:19:44','2022-11-07 12:19:44'),(369,'IFB1293',20,43,'2022-11-07 12:19:44','2022-11-07 12:19:44'),(370,'YLN0739',14,43,'2022-11-07 12:19:44','2022-11-07 12:19:44'),(371,'CNP2621',8,43,'2022-11-07 12:19:44','2022-11-07 12:19:44'),(372,'EVJ1073',18,43,'2022-11-07 12:19:44','2022-11-07 12:19:44'),(373,'YML0267',6,43,'2022-11-07 12:19:44','2022-11-07 12:19:44'),(374,'DYH9067',10,43,'2022-11-07 12:19:44','2022-11-07 12:19:44'),(375,'VOG7182',1,43,'2022-11-07 12:19:44','2022-11-07 12:19:44'),(376,'KYK2139',16,43,'2022-11-07 12:19:44','2022-11-07 12:19:44'),(377,'KPQ2321',2,43,'2022-11-07 12:19:44','2022-11-07 12:19:44'),(378,'ZUV5636',4,43,'2022-11-07 12:19:44','2022-11-07 12:19:44'),(379,'APK1772',11,43,'2022-11-07 12:19:44','2022-11-07 12:19:44'),(380,'OXD6375',8,43,'2022-11-07 12:19:44','2022-11-07 12:19:44'),(381,'YCV6798',18,NULL,'2022-11-07 12:19:44','2022-11-07 12:19:44'),(382,'DXS9007',2,NULL,'2022-11-07 12:19:44','2022-11-07 12:19:44'),(383,'FER1388',12,NULL,'2022-11-07 12:19:44','2022-11-07 12:19:44'),(384,'AEG4248',20,NULL,'2022-11-07 12:19:45','2022-11-07 12:19:45'),(385,'ZVD8944',10,NULL,'2022-11-07 12:19:45','2022-11-07 12:19:45'),(386,'ZVR3121',16,NULL,'2022-11-07 12:19:45','2022-11-07 12:19:45'),(387,'AHV1426',3,NULL,'2022-11-07 12:19:45','2022-11-07 12:19:45'),(388,'OYP5720',2,NULL,'2022-11-07 12:19:45','2022-11-07 12:19:45'),(389,'LBP2965',1,NULL,'2022-11-07 12:19:45','2022-11-07 12:19:45'),(390,'IMF4488',11,NULL,'2022-11-07 12:19:45','2022-11-07 12:19:45'),(391,'WSN3098',16,NULL,'2022-11-07 12:19:45','2022-11-07 12:19:45'),(392,'IJY1448',10,NULL,'2022-11-07 12:19:45','2022-11-07 12:19:45'),(393,'IMB7858',11,NULL,'2022-11-07 12:19:45','2022-11-07 12:19:45'),(394,'UZA8132',18,NULL,'2022-11-07 12:19:45','2022-11-07 12:19:45'),(395,'FEJ9541',17,NULL,'2022-11-07 12:19:45','2022-11-07 12:19:45'),(396,'ELA8372',5,NULL,'2022-11-07 12:19:45','2022-11-07 12:19:45'),(397,'NTQ2794',5,NULL,'2022-11-07 12:19:45','2022-11-07 12:19:45'),(398,'NRH4822',19,NULL,'2022-11-07 12:19:45','2022-11-07 12:19:45'),(399,'WFX9216',11,NULL,'2022-11-07 12:19:45','2022-11-07 12:19:45'),(400,'GSI1888',11,NULL,'2022-11-07 12:19:45','2022-11-07 12:19:45'),(401,'WAX4816',4,41,'2022-11-08 10:46:33','2022-11-08 10:46:33');
/*!40000 ALTER TABLE `buses` ENABLE KEYS */;
UNLOCK TABLES;

--
-- Table structure for table `candidates`
--

DROP TABLE IF EXISTS `candidates`;
/*!40101 SET @saved_cs_client     = @@character_set_client */;
/*!50503 SET character_set_client = utf8mb4 */;
CREATE TABLE `candidates` (
  `id` bigint unsigned NOT NULL AUTO_INCREMENT,
  `name` varchar(255) COLLATE utf8mb4_unicode_ci NOT NULL,
  `surname` varchar(255) COLLATE utf8mb4_unicode_ci NOT NULL,
  `birth` date DEFAULT NULL,
  `email` varchar(255) COLLATE utf8mb4_unicode_ci NOT NULL,
  `created_at` timestamp NULL DEFAULT NULL,
  `updated_at` timestamp NULL DEFAULT NULL,
  `deleted_at` timestamp NULL DEFAULT NULL,
  PRIMARY KEY (`id`),
  UNIQUE KEY `candidates_email_unique` (`email`)
) ENGINE=InnoDB AUTO_INCREMENT=6 DEFAULT CHARSET=utf8mb4 COLLATE=utf8mb4_unicode_ci;
/*!40101 SET character_set_client = @saved_cs_client */;

--
-- Dumping data for table `candidates`
--

LOCK TABLES `candidates` WRITE;
/*!40000 ALTER TABLE `candidates` DISABLE KEYS */;
INSERT INTO `candidates` VALUES (1,'fdsafsd','sdfsd','1986-12-12','dfas@fd.gfd','2022-11-10 12:18:30','2022-11-10 12:18:30',NULL),(2,'sad','dsa','1986-04-05','sda@kf.net','2022-11-10 12:19:43','2022-11-10 12:19:43',NULL),(3,'sad','dsa','1986-04-05','sda@kf.netcx','2022-11-10 12:20:41','2022-11-10 12:20:41',NULL),(4,'xz<c','cxz<','1986-04-05','sda@kf.netcxcxz','2022-11-10 12:20:52','2022-11-10 12:20:52',NULL),(5,'fdds','asdf','1986-01-01','fdsa@fk.df','2022-11-10 12:26:09','2022-11-10 12:26:09',NULL);
/*!40000 ALTER TABLE `candidates` ENABLE KEYS */;
UNLOCK TABLES;

--
-- Table structure for table `data_rows`
--

DROP TABLE IF EXISTS `data_rows`;
/*!40101 SET @saved_cs_client     = @@character_set_client */;
/*!50503 SET character_set_client = utf8mb4 */;
CREATE TABLE `data_rows` (
  `id` int unsigned NOT NULL AUTO_INCREMENT,
  `data_type_id` int unsigned NOT NULL,
  `field` varchar(255) COLLATE utf8mb4_unicode_ci NOT NULL,
  `type` varchar(255) COLLATE utf8mb4_unicode_ci NOT NULL,
  `display_name` varchar(255) COLLATE utf8mb4_unicode_ci NOT NULL,
  `required` tinyint(1) NOT NULL DEFAULT '0',
  `browse` tinyint(1) NOT NULL DEFAULT '1',
  `read` tinyint(1) NOT NULL DEFAULT '1',
  `edit` tinyint(1) NOT NULL DEFAULT '1',
  `add` tinyint(1) NOT NULL DEFAULT '1',
  `delete` tinyint(1) NOT NULL DEFAULT '1',
  `details` text COLLATE utf8mb4_unicode_ci,
  `order` int NOT NULL DEFAULT '1',
  PRIMARY KEY (`id`),
  KEY `data_rows_data_type_id_foreign` (`data_type_id`),
  CONSTRAINT `data_rows_data_type_id_foreign` FOREIGN KEY (`data_type_id`) REFERENCES `data_types` (`id`) ON DELETE CASCADE ON UPDATE CASCADE
) ENGINE=InnoDB AUTO_INCREMENT=82 DEFAULT CHARSET=utf8mb4 COLLATE=utf8mb4_unicode_ci;
/*!40101 SET character_set_client = @saved_cs_client */;

--
-- Dumping data for table `data_rows`
--

LOCK TABLES `data_rows` WRITE;
/*!40000 ALTER TABLE `data_rows` DISABLE KEYS */;
INSERT INTO `data_rows` VALUES (1,1,'id','number','ID',1,1,1,0,0,0,'{}',1),(2,1,'name','text','Name',1,1,1,1,1,1,'{\"validation\":{\"rule\":\"required\"}}',2),(3,1,'email','text','Email',1,1,1,1,1,1,'{\"validation\":{\"rule\":\"unique:mysql.users,email\",\"messages\":{\"unique\":\"Please use an unique email.\"}}}',4),(4,1,'password','password','Password',1,0,0,1,1,0,'{}',6),(5,1,'remember_token','text','Remember Token',0,0,0,0,0,0,'{}',8),(6,1,'created_at','timestamp','Created At',0,1,1,0,0,0,'{}',14),(7,1,'updated_at','timestamp','Updated At',0,0,0,0,0,0,'{}',16),(8,1,'avatar','image','Avatar',0,1,1,1,1,1,'{}',10),(9,1,'user_belongsto_role_relationship','relationship','Role',1,1,1,1,1,0,'{\"model\":\"TCG\\\\Voyager\\\\Models\\\\Role\",\"table\":\"roles\",\"type\":\"belongsTo\",\"column\":\"role_id\",\"key\":\"id\",\"label\":\"display_name\",\"pivot_table\":\"roles\",\"pivot\":\"0\",\"taggable\":\"0\"}',12),(10,1,'user_belongstomany_role_relationship','relationship','Roles',0,0,0,0,0,0,'{\"model\":\"TCG\\\\Voyager\\\\Models\\\\Role\",\"table\":\"roles\",\"type\":\"belongsToMany\",\"column\":\"id\",\"key\":\"id\",\"label\":\"display_name\",\"pivot_table\":\"user_roles\",\"pivot\":\"1\",\"taggable\":\"0\"}',18),(11,1,'settings','hidden','Settings',0,0,0,0,0,0,'{}',13),(12,2,'id','number','ID',1,0,0,0,0,0,NULL,1),(13,2,'name','text','Name',1,1,1,1,1,1,NULL,2),(14,2,'created_at','timestamp','Created At',0,0,0,0,0,0,NULL,3),(15,2,'updated_at','timestamp','Updated At',0,0,0,0,0,0,NULL,4),(16,3,'id','number','ID',1,1,1,0,0,0,'{}',1),(17,3,'name','text','Name',1,1,1,1,1,1,'{}',2),(18,3,'created_at','timestamp','Created At',0,0,0,0,0,0,'{}',3),(19,3,'updated_at','timestamp','Updated At',0,0,0,0,0,0,'{}',4),(20,3,'display_name','text','Display Name',1,1,1,1,1,1,'{}',5),(21,1,'role_id','text','Role',0,1,1,1,1,1,'{}',11),(56,7,'id','text','Id',1,1,0,0,0,0,'{}',1),(57,7,'brand','text','Brand',1,1,1,1,1,1,'{\"validation\":{\"rule\":\"unique:mysql.brands,brand\",\"messages\":{\"unique\":\"Please use an unique brand.\"}}}',2),(58,7,'created_at','timestamp','Created At',0,1,1,0,0,0,'{}',3),(59,7,'updated_at','timestamp','Updated At',0,0,0,0,0,0,'{}',4),(60,9,'id','text','Id',1,1,1,0,0,0,'{}',1),(61,9,'number','text','Number',1,1,1,1,1,1,'{\"validation\":{\"rule\":\"unique:mysql.buses,number\",\"messages\":{\"unique\":\"Please use an unique number.\"}}}',3),(62,9,'brand_id','text','Brand Id',1,1,1,1,1,1,'{}',6),(63,9,'user_id','text','User Id',0,1,1,1,1,1,'{}',5),(64,9,'created_at','timestamp','Created At',0,1,1,0,0,0,'{}',7),(65,9,'updated_at','timestamp','Updated At',0,0,0,0,0,0,'{}',8),(66,9,'bus_belongsto_brand_relationship','relationship','Brand',1,1,1,1,1,1,'{\"model\":\"App\\\\Models\\\\Brand\",\"table\":\"brands\",\"type\":\"belongsTo\",\"column\":\"brand_id\",\"key\":\"id\",\"label\":\"brand\",\"pivot_table\":\"brands\",\"pivot\":\"0\",\"taggable\":\"0\"}',2),(67,9,'bus_belongsto_user_relationship','relationship','User',0,1,1,1,1,1,'{\"model\":\"App\\\\Models\\\\User\",\"table\":\"users\",\"type\":\"belongsTo\",\"column\":\"user_id\",\"key\":\"id\",\"label\":\"full_name\",\"pivot_table\":\"brands\",\"pivot\":\"0\",\"taggable\":\"0\"}',4),(68,1,'surname','text','Surname',1,1,1,1,1,1,'{\"validation\":{\"rule\":\"required\"}}',3),(69,1,'birth','date','Birth',0,1,1,1,1,1,'{\"validation\":{\"rule\":\"required|date|after:65 years ago\",\"messages\":{\"after\":\"Your must be younger than 65 years.\"}}}',5),(70,1,'photo','text','Photo',0,0,0,0,0,0,'{}',9),(71,1,'salary','number','Salary',1,1,1,1,1,1,'{}',7),(72,1,'email_verified_at','timestamp','Email Verified At',0,0,0,0,0,0,'{}',17),(73,1,'deleted_at','timestamp','Deleted At',0,1,1,0,0,0,'{}',15),(74,10,'id','text','Id',1,0,0,0,0,0,'{}',1),(75,10,'name','text','Name',1,1,1,1,1,1,'{}',2),(76,10,'surname','text','Surname',1,1,1,1,1,1,'{}',3),(77,10,'birth','date','Birth',0,1,1,1,1,1,'{}',4),(78,10,'email','text','Email',1,1,1,1,1,1,'{}',5),(79,10,'created_at','timestamp','Created At',0,1,1,0,0,0,'{}',6),(80,10,'updated_at','timestamp','Updated At',0,0,0,0,0,0,'{}',7),(81,10,'deleted_at','timestamp','Deleted At',0,0,0,0,0,0,'{}',8);
/*!40000 ALTER TABLE `data_rows` ENABLE KEYS */;
UNLOCK TABLES;

--
-- Table structure for table `data_types`
--

DROP TABLE IF EXISTS `data_types`;
/*!40101 SET @saved_cs_client     = @@character_set_client */;
/*!50503 SET character_set_client = utf8mb4 */;
CREATE TABLE `data_types` (
  `id` int unsigned NOT NULL AUTO_INCREMENT,
  `name` varchar(255) COLLATE utf8mb4_unicode_ci NOT NULL,
  `slug` varchar(255) COLLATE utf8mb4_unicode_ci NOT NULL,
  `display_name_singular` varchar(255) COLLATE utf8mb4_unicode_ci NOT NULL,
  `display_name_plural` varchar(255) COLLATE utf8mb4_unicode_ci NOT NULL,
  `icon` varchar(255) COLLATE utf8mb4_unicode_ci DEFAULT NULL,
  `model_name` varchar(255) COLLATE utf8mb4_unicode_ci DEFAULT NULL,
  `policy_name` varchar(255) COLLATE utf8mb4_unicode_ci DEFAULT NULL,
  `controller` varchar(255) COLLATE utf8mb4_unicode_ci DEFAULT NULL,
  `description` varchar(255) COLLATE utf8mb4_unicode_ci DEFAULT NULL,
  `generate_permissions` tinyint(1) NOT NULL DEFAULT '0',
  `server_side` tinyint NOT NULL DEFAULT '0',
  `details` text COLLATE utf8mb4_unicode_ci,
  `created_at` timestamp NULL DEFAULT NULL,
  `updated_at` timestamp NULL DEFAULT NULL,
  PRIMARY KEY (`id`),
  UNIQUE KEY `data_types_name_unique` (`name`),
  UNIQUE KEY `data_types_slug_unique` (`slug`)
) ENGINE=InnoDB AUTO_INCREMENT=11 DEFAULT CHARSET=utf8mb4 COLLATE=utf8mb4_unicode_ci;
/*!40101 SET character_set_client = @saved_cs_client */;

--
-- Dumping data for table `data_types`
--

LOCK TABLES `data_types` WRITE;
/*!40000 ALTER TABLE `data_types` DISABLE KEYS */;
INSERT INTO `data_types` VALUES (1,'users','users','User','Users','voyager-person','App\\Models\\User','TCG\\Voyager\\Policies\\UserPolicy','TCG\\Voyager\\Http\\Controllers\\VoyagerUserController',NULL,0,1,'{\"order_column\":\"id\",\"order_display_column\":\"id\",\"order_direction\":\"desc\",\"default_search_key\":null,\"scope\":\"users\"}','2022-11-07 10:25:58','2022-11-10 08:28:35'),(2,'menus','menus','Menu','Menus','voyager-list','TCG\\Voyager\\Models\\Menu',NULL,'','',1,0,NULL,'2022-11-07 10:25:58','2022-11-07 10:25:58'),(3,'roles','roles','Role','Roles','voyager-lock','App\\Models\\Role',NULL,'TCG\\Voyager\\Http\\Controllers\\VoyagerRoleController',NULL,1,0,'{\"order_column\":\"id\",\"order_display_column\":\"id\",\"order_direction\":\"asc\",\"default_search_key\":null,\"scope\":null}','2022-11-07 10:25:58','2022-11-10 06:13:30'),(7,'brands','brands','Brand','Brands',NULL,'App\\Models\\Brand',NULL,NULL,NULL,1,1,'{\"order_column\":\"id\",\"order_display_column\":\"id\",\"order_direction\":\"asc\",\"default_search_key\":null,\"scope\":null}','2022-11-07 10:45:09','2022-11-08 10:40:57'),(9,'buses','buses','Buses','Buses',NULL,'App\\Models\\Bus',NULL,NULL,NULL,1,1,'{\"order_column\":\"id\",\"order_display_column\":\"id\",\"order_direction\":\"asc\",\"default_search_key\":null,\"scope\":\"buses\"}','2022-11-07 10:49:17','2022-11-10 08:44:03'),(10,'candidates','candidates','Candidate','Candidates','voyager-people','App\\Models\\Candidate',NULL,NULL,NULL,1,1,'{\"order_column\":null,\"order_display_column\":null,\"order_direction\":\"asc\",\"default_search_key\":null,\"scope\":null}','2022-11-10 10:13:40','2022-11-10 10:15:21');
/*!40000 ALTER TABLE `data_types` ENABLE KEYS */;
UNLOCK TABLES;

--
-- Table structure for table `failed_jobs`
--

DROP TABLE IF EXISTS `failed_jobs`;
/*!40101 SET @saved_cs_client     = @@character_set_client */;
/*!50503 SET character_set_client = utf8mb4 */;
CREATE TABLE `failed_jobs` (
  `id` bigint unsigned NOT NULL AUTO_INCREMENT,
  `uuid` varchar(255) COLLATE utf8mb4_unicode_ci NOT NULL,
  `connection` text COLLATE utf8mb4_unicode_ci NOT NULL,
  `queue` text COLLATE utf8mb4_unicode_ci NOT NULL,
  `payload` longtext COLLATE utf8mb4_unicode_ci NOT NULL,
  `exception` longtext COLLATE utf8mb4_unicode_ci NOT NULL,
  `failed_at` timestamp NOT NULL DEFAULT CURRENT_TIMESTAMP,
  PRIMARY KEY (`id`),
  UNIQUE KEY `failed_jobs_uuid_unique` (`uuid`)
) ENGINE=InnoDB DEFAULT CHARSET=utf8mb4 COLLATE=utf8mb4_unicode_ci;
/*!40101 SET character_set_client = @saved_cs_client */;

--
-- Dumping data for table `failed_jobs`
--

LOCK TABLES `failed_jobs` WRITE;
/*!40000 ALTER TABLE `failed_jobs` DISABLE KEYS */;
/*!40000 ALTER TABLE `failed_jobs` ENABLE KEYS */;
UNLOCK TABLES;

--
-- Table structure for table `menu_items`
--

DROP TABLE IF EXISTS `menu_items`;
/*!40101 SET @saved_cs_client     = @@character_set_client */;
/*!50503 SET character_set_client = utf8mb4 */;
CREATE TABLE `menu_items` (
  `id` int unsigned NOT NULL AUTO_INCREMENT,
  `menu_id` int unsigned DEFAULT NULL,
  `title` varchar(255) COLLATE utf8mb4_unicode_ci NOT NULL,
  `url` varchar(255) COLLATE utf8mb4_unicode_ci NOT NULL,
  `target` varchar(255) COLLATE utf8mb4_unicode_ci NOT NULL DEFAULT '_self',
  `icon_class` varchar(255) COLLATE utf8mb4_unicode_ci DEFAULT NULL,
  `color` varchar(255) COLLATE utf8mb4_unicode_ci DEFAULT NULL,
  `parent_id` int DEFAULT NULL,
  `order` int NOT NULL,
  `created_at` timestamp NULL DEFAULT NULL,
  `updated_at` timestamp NULL DEFAULT NULL,
  `route` varchar(255) COLLATE utf8mb4_unicode_ci DEFAULT NULL,
  `parameters` text COLLATE utf8mb4_unicode_ci,
  PRIMARY KEY (`id`),
  KEY `menu_items_menu_id_foreign` (`menu_id`),
  CONSTRAINT `menu_items_menu_id_foreign` FOREIGN KEY (`menu_id`) REFERENCES `menus` (`id`) ON DELETE CASCADE
) ENGINE=InnoDB AUTO_INCREMENT=17 DEFAULT CHARSET=utf8mb4 COLLATE=utf8mb4_unicode_ci;
/*!40101 SET character_set_client = @saved_cs_client */;

--
-- Dumping data for table `menu_items`
--

LOCK TABLES `menu_items` WRITE;
/*!40000 ALTER TABLE `menu_items` DISABLE KEYS */;
INSERT INTO `menu_items` VALUES (1,1,'Dashboard','','_self','voyager-boat',NULL,NULL,1,'2022-11-07 10:25:58','2022-11-07 10:25:58','voyager.dashboard',NULL),(2,1,'Media','','_self','voyager-images',NULL,NULL,7,'2022-11-07 10:25:58','2022-11-10 10:14:19','voyager.media.index',NULL),(3,1,'Users','','_self','voyager-person',NULL,NULL,3,'2022-11-07 10:25:58','2022-11-07 10:25:58','voyager.users.index',NULL),(4,1,'Roles','','_self','voyager-lock',NULL,NULL,2,'2022-11-07 10:25:58','2022-11-07 10:25:58','voyager.roles.index',NULL),(5,1,'Tools','','_self','voyager-tools',NULL,NULL,8,'2022-11-07 10:25:58','2022-11-10 10:14:19',NULL,NULL),(6,1,'Menu Builder','','_self','voyager-list',NULL,5,1,'2022-11-07 10:25:58','2022-11-07 10:45:58','voyager.menus.index',NULL),(7,1,'Database','','_self','voyager-data',NULL,5,2,'2022-11-07 10:25:58','2022-11-07 10:45:58','voyager.database.index',NULL),(8,1,'Compass','','_self','voyager-compass',NULL,5,3,'2022-11-07 10:25:58','2022-11-07 10:45:58','voyager.compass.index',NULL),(9,1,'BREAD','','_self','voyager-bread',NULL,5,4,'2022-11-07 10:25:58','2022-11-07 10:45:58','voyager.bread.index',NULL),(10,1,'Settings','','_self','voyager-settings',NULL,NULL,9,'2022-11-07 10:25:58','2022-11-10 10:14:19','voyager.settings.index',NULL),(14,1,'Brands','','_self','voyager-star-two','#000000',NULL,5,'2022-11-07 10:45:09','2022-11-10 10:14:19','voyager.brands.index','null'),(15,1,'Buses','','_self','voyager-boat','#000000',NULL,6,'2022-11-07 10:49:17','2022-11-10 10:14:19','voyager.buses.index','null'),(16,1,'Candidates','','_self','voyager-people',NULL,NULL,4,'2022-11-10 10:13:40','2022-11-10 10:14:19','voyager.candidates.index',NULL);
/*!40000 ALTER TABLE `menu_items` ENABLE KEYS */;
UNLOCK TABLES;

--
-- Table structure for table `menus`
--

DROP TABLE IF EXISTS `menus`;
/*!40101 SET @saved_cs_client     = @@character_set_client */;
/*!50503 SET character_set_client = utf8mb4 */;
CREATE TABLE `menus` (
  `id` int unsigned NOT NULL AUTO_INCREMENT,
  `name` varchar(255) COLLATE utf8mb4_unicode_ci NOT NULL,
  `created_at` timestamp NULL DEFAULT NULL,
  `updated_at` timestamp NULL DEFAULT NULL,
  PRIMARY KEY (`id`),
  UNIQUE KEY `menus_name_unique` (`name`)
) ENGINE=InnoDB AUTO_INCREMENT=2 DEFAULT CHARSET=utf8mb4 COLLATE=utf8mb4_unicode_ci;
/*!40101 SET character_set_client = @saved_cs_client */;

--
-- Dumping data for table `menus`
--

LOCK TABLES `menus` WRITE;
/*!40000 ALTER TABLE `menus` DISABLE KEYS */;
INSERT INTO `menus` VALUES (1,'admin','2022-11-07 10:25:58','2022-11-07 10:25:58');
/*!40000 ALTER TABLE `menus` ENABLE KEYS */;
UNLOCK TABLES;

--
-- Table structure for table `migrations`
--

DROP TABLE IF EXISTS `migrations`;
/*!40101 SET @saved_cs_client     = @@character_set_client */;
/*!50503 SET character_set_client = utf8mb4 */;
CREATE TABLE `migrations` (
  `id` int unsigned NOT NULL AUTO_INCREMENT,
  `migration` varchar(255) COLLATE utf8mb4_unicode_ci NOT NULL,
  `batch` int NOT NULL,
  PRIMARY KEY (`id`)
) ENGINE=InnoDB AUTO_INCREMENT=36 DEFAULT CHARSET=utf8mb4 COLLATE=utf8mb4_unicode_ci;
/*!40101 SET character_set_client = @saved_cs_client */;

--
-- Dumping data for table `migrations`
--

LOCK TABLES `migrations` WRITE;
/*!40000 ALTER TABLE `migrations` DISABLE KEYS */;
INSERT INTO `migrations` VALUES (1,'2014_10_12_000000_create_users_table',1),(2,'2014_10_12_100000_create_password_resets_table',1),(3,'2016_01_01_000000_add_voyager_user_fields',1),(4,'2016_01_01_000000_create_data_types_table',1),(5,'2016_05_19_173453_create_menu_table',1),(6,'2016_10_21_190000_create_roles_table',1),(7,'2016_10_21_190000_create_settings_table',1),(8,'2016_11_30_135954_create_permission_table',1),(9,'2016_11_30_141208_create_permission_role_table',1),(10,'2016_12_26_201236_data_types__add__server_side',1),(11,'2017_01_13_000000_add_route_to_menu_items_table',1),(12,'2017_01_14_005015_create_translations_table',1),(13,'2017_01_15_000000_make_table_name_nullable_in_permissions_table',1),(14,'2017_03_06_000000_add_controller_to_data_types_table',1),(15,'2017_04_21_000000_add_order_to_data_rows_table',1),(16,'2017_07_05_210000_add_policyname_to_data_types_table',1),(17,'2017_08_05_000000_add_group_to_settings_table',1),(18,'2017_11_26_013050_add_user_role_relationship',1),(19,'2017_11_26_015000_create_user_roles_table',1),(20,'2018_03_11_000000_add_user_settings',1),(21,'2018_03_14_000000_add_details_to_data_types_table',1),(22,'2018_03_16_000000_make_settings_value_nullable',1),(23,'2019_08_19_000000_create_failed_jobs_table',1),(24,'2019_12_14_000001_create_personal_access_tokens_table',1),(25,'2022_11_07_075513_create_brands_table',1),(26,'2022_11_07_075601_create_buses_table',1),(27,'2022_11_07_085103_update_users_table',2),(28,'2022_11_07_105233_set_null_buses_id_after_deleting_user_in_buses_table',3),(29,'2022_11_07_120228_set_default_values_in_users_table',4),(30,'2016_01_01_000000_create_pages_table',5),(31,'2016_01_01_000000_create_posts_table',5),(32,'2016_02_15_204651_create_categories_table',5),(33,'2017_04_11_000000_alter_post_nullable_fields_table',5),(34,'2022_11_07_132611_change_birth_column_in_users_table',6),(35,'2022_11_10_120707_create_candidates_table',7);
/*!40000 ALTER TABLE `migrations` ENABLE KEYS */;
UNLOCK TABLES;

--
-- Table structure for table `password_resets`
--

DROP TABLE IF EXISTS `password_resets`;
/*!40101 SET @saved_cs_client     = @@character_set_client */;
/*!50503 SET character_set_client = utf8mb4 */;
CREATE TABLE `password_resets` (
  `email` varchar(255) COLLATE utf8mb4_unicode_ci NOT NULL,
  `token` varchar(255) COLLATE utf8mb4_unicode_ci NOT NULL,
  `created_at` timestamp NULL DEFAULT NULL,
  KEY `password_resets_email_index` (`email`)
) ENGINE=InnoDB DEFAULT CHARSET=utf8mb4 COLLATE=utf8mb4_unicode_ci;
/*!40101 SET character_set_client = @saved_cs_client */;

--
-- Dumping data for table `password_resets`
--

LOCK TABLES `password_resets` WRITE;
/*!40000 ALTER TABLE `password_resets` DISABLE KEYS */;
/*!40000 ALTER TABLE `password_resets` ENABLE KEYS */;
UNLOCK TABLES;

--
-- Table structure for table `permission_role`
--

DROP TABLE IF EXISTS `permission_role`;
/*!40101 SET @saved_cs_client     = @@character_set_client */;
/*!50503 SET character_set_client = utf8mb4 */;
CREATE TABLE `permission_role` (
  `permission_id` bigint unsigned NOT NULL,
  `role_id` bigint unsigned NOT NULL,
  PRIMARY KEY (`permission_id`,`role_id`),
  KEY `permission_role_permission_id_index` (`permission_id`),
  KEY `permission_role_role_id_index` (`role_id`),
  CONSTRAINT `permission_role_permission_id_foreign` FOREIGN KEY (`permission_id`) REFERENCES `permissions` (`id`) ON DELETE CASCADE,
  CONSTRAINT `permission_role_role_id_foreign` FOREIGN KEY (`role_id`) REFERENCES `roles` (`id`) ON DELETE CASCADE
) ENGINE=InnoDB DEFAULT CHARSET=utf8mb4 COLLATE=utf8mb4_unicode_ci;
/*!40101 SET character_set_client = @saved_cs_client */;

--
-- Dumping data for table `permission_role`
--

LOCK TABLES `permission_role` WRITE;
/*!40000 ALTER TABLE `permission_role` DISABLE KEYS */;
INSERT INTO `permission_role` VALUES (1,1),(1,2),(1,3),(2,1),(3,1),(4,1),(5,1),(6,1),(7,1),(8,1),(9,1),(10,1),(11,1),(12,1),(13,1),(14,1),(15,1),(16,1),(16,2),(16,3),(17,1),(17,2),(17,3),(18,1),(19,1),(20,1),(21,1),(22,1),(23,1),(24,1),(25,1),(41,1),(41,3),(42,1),(42,3),(43,1),(44,1),(45,1),(46,1),(46,2),(46,3),(47,1),(47,2),(47,3),(48,1),(49,1),(50,1),(51,1),(52,1),(53,1),(54,1),(55,1);
/*!40000 ALTER TABLE `permission_role` ENABLE KEYS */;
UNLOCK TABLES;

--
-- Table structure for table `permissions`
--

DROP TABLE IF EXISTS `permissions`;
/*!40101 SET @saved_cs_client     = @@character_set_client */;
/*!50503 SET character_set_client = utf8mb4 */;
CREATE TABLE `permissions` (
  `id` bigint unsigned NOT NULL AUTO_INCREMENT,
  `key` varchar(255) COLLATE utf8mb4_unicode_ci NOT NULL,
  `table_name` varchar(255) CHARACTER SET utf8mb4 COLLATE utf8mb4_unicode_ci DEFAULT NULL,
  `created_at` timestamp NULL DEFAULT NULL,
  `updated_at` timestamp NULL DEFAULT NULL,
  PRIMARY KEY (`id`),
  KEY `permissions_key_index` (`key`)
) ENGINE=InnoDB AUTO_INCREMENT=56 DEFAULT CHARSET=utf8mb4 COLLATE=utf8mb4_unicode_ci;
/*!40101 SET character_set_client = @saved_cs_client */;

--
-- Dumping data for table `permissions`
--

LOCK TABLES `permissions` WRITE;
/*!40000 ALTER TABLE `permissions` DISABLE KEYS */;
INSERT INTO `permissions` VALUES (1,'browse_admin',NULL,'2022-11-07 10:25:58','2022-11-07 10:25:58'),(2,'browse_bread',NULL,'2022-11-07 10:25:58','2022-11-07 10:25:58'),(3,'browse_database',NULL,'2022-11-07 10:25:58','2022-11-07 10:25:58'),(4,'browse_media',NULL,'2022-11-07 10:25:58','2022-11-07 10:25:58'),(5,'browse_compass',NULL,'2022-11-07 10:25:58','2022-11-07 10:25:58'),(6,'browse_menus','menus','2022-11-07 10:25:58','2022-11-07 10:25:58'),(7,'read_menus','menus','2022-11-07 10:25:58','2022-11-07 10:25:58'),(8,'edit_menus','menus','2022-11-07 10:25:58','2022-11-07 10:25:58'),(9,'add_menus','menus','2022-11-07 10:25:58','2022-11-07 10:25:58'),(10,'delete_menus','menus','2022-11-07 10:25:58','2022-11-07 10:25:58'),(11,'browse_roles','roles','2022-11-07 10:25:58','2022-11-07 10:25:58'),(12,'read_roles','roles','2022-11-07 10:25:58','2022-11-07 10:25:58'),(13,'edit_roles','roles','2022-11-07 10:25:58','2022-11-07 10:25:58'),(14,'add_roles','roles','2022-11-07 10:25:58','2022-11-07 10:25:58'),(15,'delete_roles','roles','2022-11-07 10:25:58','2022-11-07 10:25:58'),(16,'browse_users','users','2022-11-07 10:25:58','2022-11-07 10:25:58'),(17,'read_users','users','2022-11-07 10:25:58','2022-11-07 10:25:58'),(18,'edit_users','users','2022-11-07 10:25:58','2022-11-07 10:25:58'),(19,'add_users','users','2022-11-07 10:25:58','2022-11-07 10:25:58'),(20,'delete_users','users','2022-11-07 10:25:58','2022-11-07 10:25:58'),(21,'browse_settings','settings','2022-11-07 10:25:58','2022-11-07 10:25:58'),(22,'read_settings','settings','2022-11-07 10:25:58','2022-11-07 10:25:58'),(23,'edit_settings','settings','2022-11-07 10:25:58','2022-11-07 10:25:58'),(24,'add_settings','settings','2022-11-07 10:25:58','2022-11-07 10:25:58'),(25,'delete_settings','settings','2022-11-07 10:25:58','2022-11-07 10:25:58'),(41,'browse_brands','brands','2022-11-07 10:45:09','2022-11-07 10:45:09'),(42,'read_brands','brands','2022-11-07 10:45:09','2022-11-07 10:45:09'),(43,'edit_brands','brands','2022-11-07 10:45:09','2022-11-07 10:45:09'),(44,'add_brands','brands','2022-11-07 10:45:09','2022-11-07 10:45:09'),(45,'delete_brands','brands','2022-11-07 10:45:09','2022-11-07 10:45:09'),(46,'browse_buses','buses','2022-11-07 10:49:17','2022-11-07 10:49:17'),(47,'read_buses','buses','2022-11-07 10:49:17','2022-11-07 10:49:17'),(48,'edit_buses','buses','2022-11-07 10:49:17','2022-11-07 10:49:17'),(49,'add_buses','buses','2022-11-07 10:49:17','2022-11-07 10:49:17'),(50,'delete_buses','buses','2022-11-07 10:49:17','2022-11-07 10:49:17'),(51,'browse_candidates','candidates','2022-11-10 10:13:40','2022-11-10 10:13:40'),(52,'read_candidates','candidates','2022-11-10 10:13:40','2022-11-10 10:13:40'),(53,'edit_candidates','candidates','2022-11-10 10:13:40','2022-11-10 10:13:40'),(54,'add_candidates','candidates','2022-11-10 10:13:40','2022-11-10 10:13:40'),(55,'delete_candidates','candidates','2022-11-10 10:13:40','2022-11-10 10:13:40');
/*!40000 ALTER TABLE `permissions` ENABLE KEYS */;
UNLOCK TABLES;

--
-- Table structure for table `personal_access_tokens`
--

DROP TABLE IF EXISTS `personal_access_tokens`;
/*!40101 SET @saved_cs_client     = @@character_set_client */;
/*!50503 SET character_set_client = utf8mb4 */;
CREATE TABLE `personal_access_tokens` (
  `id` bigint unsigned NOT NULL AUTO_INCREMENT,
  `tokenable_type` varchar(255) COLLATE utf8mb4_unicode_ci NOT NULL,
  `tokenable_id` bigint unsigned NOT NULL,
  `name` varchar(255) COLLATE utf8mb4_unicode_ci NOT NULL,
  `token` varchar(64) COLLATE utf8mb4_unicode_ci NOT NULL,
  `abilities` text COLLATE utf8mb4_unicode_ci,
  `last_used_at` timestamp NULL DEFAULT NULL,
  `created_at` timestamp NULL DEFAULT NULL,
  `updated_at` timestamp NULL DEFAULT NULL,
  PRIMARY KEY (`id`),
  UNIQUE KEY `personal_access_tokens_token_unique` (`token`),
  KEY `personal_access_tokens_tokenable_type_tokenable_id_index` (`tokenable_type`,`tokenable_id`)
) ENGINE=InnoDB DEFAULT CHARSET=utf8mb4 COLLATE=utf8mb4_unicode_ci;
/*!40101 SET character_set_client = @saved_cs_client */;

--
-- Dumping data for table `personal_access_tokens`
--

LOCK TABLES `personal_access_tokens` WRITE;
/*!40000 ALTER TABLE `personal_access_tokens` DISABLE KEYS */;
/*!40000 ALTER TABLE `personal_access_tokens` ENABLE KEYS */;
UNLOCK TABLES;

--
-- Table structure for table `roles`
--

DROP TABLE IF EXISTS `roles`;
/*!40101 SET @saved_cs_client     = @@character_set_client */;
/*!50503 SET character_set_client = utf8mb4 */;
CREATE TABLE `roles` (
  `id` bigint unsigned NOT NULL AUTO_INCREMENT,
  `name` varchar(255) COLLATE utf8mb4_unicode_ci NOT NULL,
  `display_name` varchar(255) COLLATE utf8mb4_unicode_ci NOT NULL,
  `created_at` timestamp NULL DEFAULT NULL,
  `updated_at` timestamp NULL DEFAULT NULL,
  PRIMARY KEY (`id`),
  UNIQUE KEY `roles_name_unique` (`name`)
) ENGINE=InnoDB AUTO_INCREMENT=4 DEFAULT CHARSET=utf8mb4 COLLATE=utf8mb4_unicode_ci;
/*!40101 SET character_set_client = @saved_cs_client */;

--
-- Dumping data for table `roles`
--

LOCK TABLES `roles` WRITE;
/*!40000 ALTER TABLE `roles` DISABLE KEYS */;
INSERT INTO `roles` VALUES (1,'admin','Administrator','2022-11-07 10:25:58','2022-11-07 10:25:58'),(2,'driver','Driver','2022-11-07 10:25:58','2022-11-07 10:41:46'),(3,'manager','Manager','2022-11-07 10:42:10','2022-11-07 10:42:10');
/*!40000 ALTER TABLE `roles` ENABLE KEYS */;
UNLOCK TABLES;

--
-- Table structure for table `settings`
--

DROP TABLE IF EXISTS `settings`;
/*!40101 SET @saved_cs_client     = @@character_set_client */;
/*!50503 SET character_set_client = utf8mb4 */;
CREATE TABLE `settings` (
  `id` int unsigned NOT NULL AUTO_INCREMENT,
  `key` varchar(255) COLLATE utf8mb4_unicode_ci NOT NULL,
  `display_name` varchar(255) COLLATE utf8mb4_unicode_ci NOT NULL,
  `value` text CHARACTER SET utf8mb4 COLLATE utf8mb4_unicode_ci,
  `details` text COLLATE utf8mb4_unicode_ci,
  `type` varchar(255) COLLATE utf8mb4_unicode_ci NOT NULL,
  `order` int NOT NULL DEFAULT '1',
  `group` varchar(255) COLLATE utf8mb4_unicode_ci DEFAULT NULL,
  PRIMARY KEY (`id`),
  UNIQUE KEY `settings_key_unique` (`key`)
) ENGINE=InnoDB AUTO_INCREMENT=11 DEFAULT CHARSET=utf8mb4 COLLATE=utf8mb4_unicode_ci;
/*!40101 SET character_set_client = @saved_cs_client */;

--
-- Dumping data for table `settings`
--

LOCK TABLES `settings` WRITE;
/*!40000 ALTER TABLE `settings` DISABLE KEYS */;
INSERT INTO `settings` VALUES (1,'site.title','Site Title','Site Title','','text',1,'Site'),(2,'site.description','Site Description','Site Description','','text',2,'Site'),(3,'site.logo','Site Logo','','','image',3,'Site'),(4,'site.google_analytics_tracking_id','Google Analytics Tracking ID','','','text',4,'Site'),(5,'admin.bg_image','Admin Background Image','','','image',5,'Admin'),(6,'admin.title','Admin Title','ATP','','text',1,'Admin'),(7,'admin.description','Admin Description','Welcome to admin panel.','','text',2,'Admin'),(8,'admin.loader','Admin Loader','','','image',3,'Admin'),(9,'admin.icon_image','Admin Icon Image','','','image',4,'Admin'),(10,'admin.google_analytics_client_id','Google Analytics Client ID (used for admin dashboard)','','','text',1,'Admin');
/*!40000 ALTER TABLE `settings` ENABLE KEYS */;
UNLOCK TABLES;

--
-- Table structure for table `translations`
--

DROP TABLE IF EXISTS `translations`;
/*!40101 SET @saved_cs_client     = @@character_set_client */;
/*!50503 SET character_set_client = utf8mb4 */;
CREATE TABLE `translations` (
  `id` int unsigned NOT NULL AUTO_INCREMENT,
  `table_name` varchar(255) COLLATE utf8mb4_unicode_ci NOT NULL,
  `column_name` varchar(255) COLLATE utf8mb4_unicode_ci NOT NULL,
  `foreign_key` int unsigned NOT NULL,
  `locale` varchar(255) COLLATE utf8mb4_unicode_ci NOT NULL,
  `value` text COLLATE utf8mb4_unicode_ci NOT NULL,
  `created_at` timestamp NULL DEFAULT NULL,
  `updated_at` timestamp NULL DEFAULT NULL,
  PRIMARY KEY (`id`),
  UNIQUE KEY `translations_table_name_column_name_foreign_key_locale_unique` (`table_name`,`column_name`,`foreign_key`,`locale`)
) ENGINE=InnoDB AUTO_INCREMENT=31 DEFAULT CHARSET=utf8mb4 COLLATE=utf8mb4_unicode_ci;
/*!40101 SET character_set_client = @saved_cs_client */;

--
-- Dumping data for table `translations`
--

LOCK TABLES `translations` WRITE;
/*!40000 ALTER TABLE `translations` DISABLE KEYS */;
INSERT INTO `translations` VALUES (1,'data_types','display_name_singular',5,'pt','Post','2022-11-07 10:25:59','2022-11-07 10:25:59'),(2,'data_types','display_name_singular',6,'pt','Pgina','2022-11-07 10:25:59','2022-11-07 10:25:59'),(3,'data_types','display_name_singular',1,'pt','Utilizador','2022-11-07 10:25:59','2022-11-07 10:25:59'),(4,'data_types','display_name_singular',4,'pt','Categoria','2022-11-07 10:25:59','2022-11-07 10:25:59'),(5,'data_types','display_name_singular',2,'pt','Menu','2022-11-07 10:25:59','2022-11-07 10:25:59'),(6,'data_types','display_name_singular',3,'pt','Funo','2022-11-07 10:25:59','2022-11-07 10:25:59'),(7,'data_types','display_name_plural',5,'pt','Posts','2022-11-07 10:25:59','2022-11-07 10:25:59'),(8,'data_types','display_name_plural',6,'pt','Pginas','2022-11-07 10:25:59','2022-11-07 10:25:59'),(9,'data_types','display_name_plural',1,'pt','Utilizadores','2022-11-07 10:25:59','2022-11-07 10:25:59'),(10,'data_types','display_name_plural',4,'pt','Categorias','2022-11-07 10:25:59','2022-11-07 10:25:59'),(11,'data_types','display_name_plural',2,'pt','Menus','2022-11-07 10:25:59','2022-11-07 10:25:59'),(12,'data_types','display_name_plural',3,'pt','Funes','2022-11-07 10:25:59','2022-11-07 10:25:59'),(13,'categories','slug',1,'pt','categoria-1','2022-11-07 10:25:59','2022-11-07 10:25:59'),(14,'categories','name',1,'pt','Categoria 1','2022-11-07 10:25:59','2022-11-07 10:25:59'),(15,'categories','slug',2,'pt','categoria-2','2022-11-07 10:25:59','2022-11-07 10:25:59'),(16,'categories','name',2,'pt','Categoria 2','2022-11-07 10:25:59','2022-11-07 10:25:59'),(17,'pages','title',1,'pt','Ol Mundo','2022-11-07 10:25:59','2022-11-07 10:25:59'),(18,'pages','slug',1,'pt','ola-mundo','2022-11-07 10:25:59','2022-11-07 10:25:59'),(19,'pages','body',1,'pt','<p>Ol Mundo. Scallywag grog swab Cat o\'nine tails scuttle rigging hardtack cable nipper Yellow Jack. Handsomely spirits knave lad killick landlubber or just lubber deadlights chantey pinnace crack Jennys tea cup. Provost long clothes black spot Yellow Jack bilged on her anchor league lateen sail case shot lee tackle.</p>\r\n<p>Ballast spirits fluke topmast me quarterdeck schooner landlubber or just lubber gabion belaying pin. Pinnace stern galleon starboard warp carouser to go on account dance the hempen jig jolly boat measured fer yer chains. Man-of-war fire in the hole nipperkin handsomely doubloon barkadeer Brethren of the Coast gibbet driver squiffy.</p>','2022-11-07 10:25:59','2022-11-07 10:25:59'),(20,'menu_items','title',1,'pt','Painel de Controle','2022-11-07 10:25:59','2022-11-07 10:25:59'),(21,'menu_items','title',2,'pt','Media','2022-11-07 10:25:59','2022-11-07 10:25:59'),(22,'menu_items','title',12,'pt','Publicaes','2022-11-07 10:25:59','2022-11-07 10:25:59'),(23,'menu_items','title',3,'pt','Utilizadores','2022-11-07 10:25:59','2022-11-07 10:25:59'),(24,'menu_items','title',11,'pt','Categorias','2022-11-07 10:25:59','2022-11-07 10:25:59'),(25,'menu_items','title',13,'pt','Pginas','2022-11-07 10:25:59','2022-11-07 10:25:59'),(26,'menu_items','title',4,'pt','Funes','2022-11-07 10:25:59','2022-11-07 10:25:59'),(27,'menu_items','title',5,'pt','Ferramentas','2022-11-07 10:25:59','2022-11-07 10:25:59'),(28,'menu_items','title',6,'pt','Menus','2022-11-07 10:25:59','2022-11-07 10:25:59'),(29,'menu_items','title',7,'pt','Base de dados','2022-11-07 10:25:59','2022-11-07 10:25:59'),(30,'menu_items','title',10,'pt','Configuraes','2022-11-07 10:25:59','2022-11-07 10:25:59');
/*!40000 ALTER TABLE `translations` ENABLE KEYS */;
UNLOCK TABLES;

--
-- Table structure for table `user_roles`
--

DROP TABLE IF EXISTS `user_roles`;
/*!40101 SET @saved_cs_client     = @@character_set_client */;
/*!50503 SET character_set_client = utf8mb4 */;
CREATE TABLE `user_roles` (
  `user_id` bigint unsigned NOT NULL,
  `role_id` bigint unsigned NOT NULL,
  PRIMARY KEY (`user_id`,`role_id`),
  KEY `user_roles_user_id_index` (`user_id`),
  KEY `user_roles_role_id_index` (`role_id`),
  CONSTRAINT `user_roles_role_id_foreign` FOREIGN KEY (`role_id`) REFERENCES `roles` (`id`) ON DELETE CASCADE,
  CONSTRAINT `user_roles_user_id_foreign` FOREIGN KEY (`user_id`) REFERENCES `users` (`id`) ON DELETE CASCADE
) ENGINE=InnoDB DEFAULT CHARSET=utf8mb4 COLLATE=utf8mb4_unicode_ci;
/*!40101 SET character_set_client = @saved_cs_client */;

--
-- Dumping data for table `user_roles`
--

LOCK TABLES `user_roles` WRITE;
/*!40000 ALTER TABLE `user_roles` DISABLE KEYS */;
/*!40000 ALTER TABLE `user_roles` ENABLE KEYS */;
UNLOCK TABLES;

--
-- Table structure for table `users`
--

DROP TABLE IF EXISTS `users`;
/*!40101 SET @saved_cs_client     = @@character_set_client */;
/*!50503 SET character_set_client = utf8mb4 */;
CREATE TABLE `users` (
  `id` bigint unsigned NOT NULL AUTO_INCREMENT,
  `role_id` bigint unsigned DEFAULT NULL,
  `name` varchar(255) CHARACTER SET utf8mb4 COLLATE utf8mb4_unicode_ci NOT NULL DEFAULT 'Guest',
  `surname` varchar(255) CHARACTER SET utf8mb4 COLLATE utf8mb4_unicode_ci NOT NULL DEFAULT 'Guest',
  `birth` date DEFAULT NULL,
  `photo` varchar(255) COLLATE utf8mb4_unicode_ci DEFAULT NULL,
  `salary` double NOT NULL DEFAULT '0',
  `email` varchar(255) COLLATE utf8mb4_unicode_ci NOT NULL,
  `avatar` varchar(255) COLLATE utf8mb4_unicode_ci DEFAULT 'users/default.png',
  `email_verified_at` timestamp NULL DEFAULT NULL,
  `password` varchar(255) COLLATE utf8mb4_unicode_ci NOT NULL,
  `remember_token` varchar(100) COLLATE utf8mb4_unicode_ci DEFAULT NULL,
  `settings` text COLLATE utf8mb4_unicode_ci,
  `created_at` timestamp NULL DEFAULT NULL,
  `updated_at` timestamp NULL DEFAULT NULL,
  `deleted_at` timestamp NULL DEFAULT NULL,
  PRIMARY KEY (`id`),
  UNIQUE KEY `users_email_unique` (`email`),
  KEY `users_role_id_foreign` (`role_id`),
  CONSTRAINT `users_role_id_foreign` FOREIGN KEY (`role_id`) REFERENCES `roles` (`id`)
) ENGINE=InnoDB AUTO_INCREMENT=47 DEFAULT CHARSET=utf8mb4 COLLATE=utf8mb4_unicode_ci;
/*!40101 SET character_set_client = @saved_cs_client */;

--
-- Dumping data for table `users`
--

LOCK TABLES `users` WRITE;
/*!40000 ALTER TABLE `users` DISABLE KEYS */;
INSERT INTO `users` VALUES (1,1,'Guest','Guest',NULL,NULL,0,'gigabyte_tech@ukr.net','users/default.png',NULL,'$2y$10$HCGzZy/m/4AdPvFNlEH4IeaJAKI9qdL5xWiUcjpcwkdrNduPKbN/y',NULL,NULL,'2022-11-07 10:17:40','2022-11-07 10:17:40',NULL),(21,2,'Guest','Haag','1991-05-05',NULL,18852.65,'abdullah.lynch@example.org','users/default.png','2022-11-07 12:13:41','$2y$10$92IXUNpkjO0rOQ5byMi.Ye4oKoEa3Ro9llC/.og/at2.uheWG/igi','aLOl0905vZuEqvaBY6wsxyMBHH6YbF5DTGbVvU4GoLqRjNzSiJeN1mGDFhrD',NULL,'2022-11-07 12:13:41','2022-11-07 12:13:41',NULL),(22,1,'Guest','Harris','1994-05-01',NULL,19348.55,'hschmitt@example.com','users/default.png','2022-11-07 12:14:36','$2y$10$92IXUNpkjO0rOQ5byMi.Ye4oKoEa3Ro9llC/.og/at2.uheWG/igi','Sk2xKjXBcj',NULL,'2022-11-07 12:14:37','2022-11-07 12:14:37',NULL),(23,2,'Guest','Kreiger','1994-02-14',NULL,11517.79,'twilderman@example.net','users/default.png','2022-11-07 12:16:04','$2y$10$92IXUNpkjO0rOQ5byMi.Ye4oKoEa3Ro9llC/.og/at2.uheWG/igi','pJvivvk39N',NULL,'2022-11-07 12:16:04','2022-11-07 12:16:04',NULL),(24,2,'Guest','Zemlak','1991-02-21',NULL,22387.15,'schiller.jaquelin@example.net','users/default.png','2022-11-07 12:17:01','$2y$10$92IXUNpkjO0rOQ5byMi.Ye4oKoEa3Ro9llC/.og/at2.uheWG/igi','fjTpcHgK8e',NULL,'2022-11-07 12:17:01','2022-11-07 12:17:01',NULL),(25,3,'Guest','Moore','1972-09-03',NULL,23541.25,'rgusikowski@example.net','users/default.png','2022-11-07 12:17:26','$2y$10$92IXUNpkjO0rOQ5byMi.Ye4oKoEa3Ro9llC/.og/at2.uheWG/igi','0ck3o45LTI',NULL,'2022-11-07 12:17:26','2022-11-07 12:17:26',NULL),(26,2,'tom','Treutel','2004-11-06',NULL,15558.08,'rolfson.derrick@example.com','users/default.png','2022-11-07 12:17:26','$2y$10$92IXUNpkjO0rOQ5byMi.Ye4oKoEa3Ro9llC/.og/at2.uheWG/igi','UXObFUTJ0PwLVMMsqySHxGsv7WVbGs46TLoHfkuqpRNCgXTk3MzE3dWGwpG3',NULL,'2022-11-07 12:17:26','2022-11-10 08:56:22',NULL),(27,3,'Guest','Flatley','1984-03-21',NULL,13962.03,'dickinson.hiram@example.org','users/default.png','2022-11-07 12:17:26','$2y$10$92IXUNpkjO0rOQ5byMi.Ye4oKoEa3Ro9llC/.og/at2.uheWG/igi','Mhz9BZ0IF9',NULL,'2022-11-07 12:17:26','2022-11-07 12:17:26',NULL),(28,2,'Guest','Roob','1965-01-05',NULL,7954.14,'pacocha.carissa@example.net','users/default.png','2022-11-07 12:17:26','$2y$10$92IXUNpkjO0rOQ5byMi.Ye4oKoEa3Ro9llC/.og/at2.uheWG/igi','ZpUVJpqzeK',NULL,'2022-11-07 12:17:26','2022-11-07 12:17:26',NULL),(29,1,'Guest','Rippin','1979-10-02',NULL,11594.32,'larson.kylee@example.org','users/default.png','2022-11-07 12:17:26','$2y$10$92IXUNpkjO0rOQ5byMi.Ye4oKoEa3Ro9llC/.og/at2.uheWG/igi','BpZlzFPge7',NULL,'2022-11-07 12:17:26','2022-11-07 12:17:26',NULL),(30,3,'Guest','Ernser','1980-10-25',NULL,17348.6,'wilma.gleason@example.com','users/default.png','2022-11-07 12:17:26','$2y$10$92IXUNpkjO0rOQ5byMi.Ye4oKoEa3Ro9llC/.og/at2.uheWG/igi','SbYqXev2AY',NULL,'2022-11-07 12:17:26','2022-11-07 12:17:26',NULL),(31,1,'Guest','Nienow','1989-06-04',NULL,20851.45,'emmanuelle.goldner@example.org','users/default.png','2022-11-07 12:17:26','$2y$10$92IXUNpkjO0rOQ5byMi.Ye4oKoEa3Ro9llC/.og/at2.uheWG/igi','ACqfJZoL7X',NULL,'2022-11-07 12:17:26','2022-11-07 12:17:26',NULL),(32,2,'Guest','Wisoky','1963-01-12',NULL,24636.58,'greenholt.marilie@example.com','users/default.png','2022-11-07 12:17:26','$2y$10$92IXUNpkjO0rOQ5byMi.Ye4oKoEa3Ro9llC/.og/at2.uheWG/igi','8upLOPPc9e',NULL,'2022-11-07 12:17:26','2022-11-07 12:17:26',NULL),(33,1,'Guest','Lueilwitz','1986-11-05',NULL,15951.87,'kaden.leffler@example.com','users/default.png','2022-11-07 12:17:26','$2y$10$92IXUNpkjO0rOQ5byMi.Ye4oKoEa3Ro9llC/.og/at2.uheWG/igi','NjvhzMDsl9',NULL,'2022-11-07 12:17:26','2022-11-07 12:17:26',NULL),(34,3,'Guest','Pollich','1997-12-19',NULL,29584.09,'imosciski@example.com','users/default.png','2022-11-07 12:17:26','$2y$10$92IXUNpkjO0rOQ5byMi.Ye4oKoEa3Ro9llC/.og/at2.uheWG/igi','jJqn7Mg2oq',NULL,'2022-11-07 12:17:26','2022-11-07 12:17:26',NULL),(35,3,'toy','Miller','1988-09-13',NULL,23783.81,'bernhard69@example.org','users/default.png','2022-11-07 12:19:44','$2y$10$92IXUNpkjO0rOQ5byMi.Ye4oKoEa3Ro9llC/.og/at2.uheWG/igi','jkmSrshbrb',NULL,'2022-11-07 12:19:44','2022-11-07 12:19:44',NULL),(36,1,'kuvalis','Pfeffer','1995-08-03',NULL,24567.43,'jaquan.moen@example.net','users/default.png','2022-11-07 12:19:44','$2y$10$92IXUNpkjO0rOQ5byMi.Ye4oKoEa3Ro9llC/.og/at2.uheWG/igi','QJgJED2A1b',NULL,'2022-11-07 12:19:44','2022-11-07 12:19:44',NULL),(37,1,'parker','Hegmann','1972-07-08',NULL,15430.94,'wilderman.dock@example.org','users/default.png','2022-11-07 12:19:44','$2y$10$92IXUNpkjO0rOQ5byMi.Ye4oKoEa3Ro9llC/.og/at2.uheWG/igi','mOFq8IJHJ3',NULL,'2022-11-07 12:19:44','2022-11-07 12:19:44',NULL),(38,2,'auer','Emmerich','1981-05-24',NULL,28873,'madisyn02@example.net','users/default.png','2022-11-07 12:19:44','$2y$10$92IXUNpkjO0rOQ5byMi.Ye4oKoEa3Ro9llC/.og/at2.uheWG/igi','5FIsAEZ5Iy',NULL,'2022-11-07 12:19:44','2022-11-07 12:19:44',NULL),(39,2,'quitzon','Swaniawski','2002-02-02',NULL,16967.86,'chanelle40@example.org','users/default.png','2022-11-07 12:19:44','$2y$10$92IXUNpkjO0rOQ5byMi.Ye4oKoEa3Ro9llC/.og/at2.uheWG/igi','yxRtsfF6c5',NULL,'2022-11-07 12:19:44','2022-11-07 12:19:44',NULL),(40,1,'johns','Johnson','2003-06-25',NULL,22427.19,'guy.kling@example.org','users/default.png','2022-11-07 12:19:44','$2y$10$92IXUNpkjO0rOQ5byMi.Ye4oKoEa3Ro9llC/.og/at2.uheWG/igi','jNzacK0YO8',NULL,'2022-11-07 12:19:44','2022-11-07 12:19:44',NULL),(41,3,'vonrueden','West','2002-08-10',NULL,19474.71,'brannon.stracke@example.net','users/default.png','2022-11-07 12:19:44','$2y$10$92IXUNpkjO0rOQ5byMi.Ye4oKoEa3Ro9llC/.og/at2.uheWG/igi','pyUABKatT7',NULL,'2022-11-07 12:19:44','2022-11-07 12:19:44',NULL),(42,2,'armstrong','Borer','2000-08-05',NULL,14902.92,'aiden.gibson@example.com','users/default.png','2022-11-07 12:19:44','$2y$10$92IXUNpkjO0rOQ5byMi.Ye4oKoEa3Ro9llC/.og/at2.uheWG/igi','eZz4cv81cp',NULL,'2022-11-07 12:19:44','2022-11-08 13:35:10','2022-11-08 13:35:10'),(43,3,'nertz','Homenick','1963-03-19',NULL,16782.71,'vwalsh@example.com','users/November2022/4dJx3DuWfrWN8coESLI0.jpg','2022-11-07 12:19:44','$2y$10$92IXUNpkjO0rOQ5byMi.Ye4oKoEa3Ro9llC/.og/at2.uheWG/igi','MdSEZFdK7J',NULL,'2022-11-07 12:19:44','2022-11-09 10:59:18',NULL),(46,1,'test','testtest','1958-06-08',NULL,423423,'gigabyte_tech@ukr.nety','users/default.png',NULL,'$2y$10$v1z6cVlfRvua7Z/.IdL8KukS5dTcXkdfTuxUc83r8ohqyy.zG7o5u',NULL,NULL,'2022-11-08 09:25:22','2022-11-08 12:16:15','2022-11-08 12:16:15');
/*!40000 ALTER TABLE `users` ENABLE KEYS */;
UNLOCK TABLES;

--
-- Dumping routines for database 'atp'
--
/*!40103 SET TIME_ZONE=@OLD_TIME_ZONE */;

/*!40101 SET SQL_MODE=@OLD_SQL_MODE */;
/*!40014 SET FOREIGN_KEY_CHECKS=@OLD_FOREIGN_KEY_CHECKS */;
/*!40014 SET UNIQUE_CHECKS=@OLD_UNIQUE_CHECKS */;
/*!40101 SET CHARACTER_SET_CLIENT=@OLD_CHARACTER_SET_CLIENT */;
/*!40101 SET CHARACTER_SET_RESULTS=@OLD_CHARACTER_SET_RESULTS */;
/*!40101 SET COLLATION_CONNECTION=@OLD_COLLATION_CONNECTION */;
/*!40111 SET SQL_NOTES=@OLD_SQL_NOTES */;

-- Dump completed on 2022-11-10 16:32:12
